"{'token_text': 'скверна', 'pattern': '(?:(?:^|\\s+|[!""#$№%&\\\'()*+,\\-./:;<=>?@\\[\\]\\\\^_`{|}~]+)сквернами(?:$|\\s+|[!""#$№%&\\\'()*+,\\-./:;<=>?@\\[\\]\\\\^_`{|}~]+)|(?:^|\\s+|[!""#$№%&\\\'()*+,\\-./:;<=>?@\\[\\]\\\\^_`{|}~]+)скверною(?:$|\\s+|[!""#$№%&\\\'()*+,\\-./:;<=>?@\\[\\]\\\\^_`{|}~]+)|(?:^|\\s+|[!""#$№%&\\\'()*+,\\-./:;<=>?@\\[\\]\\\\^_`{|}~]+)сквернах(?:$|\\s+|[!""#$№%&\\\'()*+,\\-./:;<=>?@\\[\\]\\\\^_`{|}~]+)|(?:^|\\s+|[!""#$№%&\\\'()*+,\\-./:;<=>?@\\[\\]\\\\^_`{|}~]+)сквернам(?:$|\\s+|[!""#$№%&\\\'()*+,\\-./:;<=>?@\\[\\]\\\\^_`{|}~]+)|(?:^|\\s+|[!""#$№%&\\\'()*+,\\-./:;<=>?@\\[\\]\\\\^_`{|}~]+)скверной(?:$|\\s+|[!""#$№%&\\\'()*+,\\-./:;<=>?@\\[\\]\\\\^_`{|}~]+)|(?:^|\\s+|[!""#$№%&\\\'()*+,\\-./:;<=>?@\\[\\]\\\\^_`{|}~]+)скверну(?:$|\\s+|[!""#$№%&\\\'()*+,\\-./:;<=>?@\\[\\]\\\\^_`{|}~]+)|(?:^|\\s+|[!""#$№%&\\\'()*+,\\-./:;<=>?@\\[\\]\\\\^_`{|}~]+)скверна(?:$|\\s+|[!""#$№%&\\\'()*+,\\-./:;<=>?@\\[\\]\\\\^_`{|}~]+)|(?:^|\\s+|[!""#$№%&\\\'()*+,\\-./:;<=>?@\\[\\]\\\\^_`{|}~]+)скверне(?:$|\\s+|[!""#$№%&\\\'()*+,\\-./:;<=>?@\\[\\]\\\\^_`{|}~]+)|(?:^|\\s+|[!""#$№%&\\\'()*+,\\-./:;<=>?@\\[\\]\\\\^_`{|}~]+)скверны(?:$|\\s+|[!""#$№%&\\\'()*+,\\-./:;<=>?@\\[\\]\\\\^_`{|}~]+)|(?:^|\\s+|[!""#$№%&\\\'()*+,\\-./:;<=>?@\\[\\]\\\\^_`{|}~]+)скверн(?:$|\\s+|[!""#$№%&\\\'()*+,\\-./:;<=>?@\\[\\]\\\\^_`{|}~]+))'}"
"{'token_text': 'гарь', 'pattern': '(?:(?:^|\\s+|[!""#$№%&\\\'()*+,\\-./:;<=>?@\\[\\]\\\\^_`{|}~]+)гарями(?:$|\\s+|[!""#$№%&\\\'()*+,\\-./:;<=>?@\\[\\]\\\\^_`{|}~]+)|(?:^|\\s+|[!""#$№%&\\\'()*+,\\-./:;<=>?@\\[\\]\\\\^_`{|}~]+)гарей(?:$|\\s+|[!""#$№%&\\\'()*+,\\-./:;<=>?@\\[\\]\\\\^_`{|}~]+)|(?:^|\\s+|[!""#$№%&\\\'()*+,\\-./:;<=>?@\\[\\]\\\\^_`{|}~]+)гарям(?:$|\\s+|[!""#$№%&\\\'()*+,\\-./:;<=>?@\\[\\]\\\\^_`{|}~]+)|(?:^|\\s+|[!""#$№%&\\\'()*+,\\-./:;<=>?@\\[\\]\\\\^_`{|}~]+)гарью(?:$|\\s+|[!""#$№%&\\\'()*+,\\-./:;<=>?@\\[\\]\\\\^_`{|}~]+)|(?:^|\\s+|[!""#$№%&\\\'()*+,\\-./:;<=>?@\\[\\]\\\\^_`{|}~]+)гарях(?:$|\\s+|[!""#$№%&\\\'()*+,\\-./:;<=>?@\\[\\]\\\\^_`{|}~]+)|(?:^|\\s+|[!""#$№%&\\\'()*+,\\-./:;<=>?@\\[\\]\\\\^_`{|}~]+)гари(?:$|\\s+|[!""#$№%&\\\'()*+,\\-./:;<=>?@\\[\\]\\\\^_`{|}~]+)|(?:^|\\s+|[!""#$№%&\\\'()*+,\\-./:;<=>?@\\[\\]\\\\^_`{|}~]+)гарь(?:$|\\s+|[!""#$№%&\\\'()*+,\\-./:;<=>?@\\[\\]\\\\^_`{|}~]+))'}"
"{'token_text': 'вонять', 'pattern': '(?:(?:^|\\s+|[!""#$№%&\\\'()*+,\\-./:;<=>?@\\[\\]\\\\^_`{|}~]+)воняете(?:$|\\s+|[!""#$№%&\\\'()*+,\\-./:;<=>?@\\[\\]\\\\^_`{|}~]+)|(?:^|\\s+|[!""#$№%&\\\'()*+,\\-./:;<=>?@\\[\\]\\\\^_`{|}~]+)воняешь(?:$|\\s+|[!""#$№%&\\\'()*+,\\-./:;<=>?@\\[\\]\\\\^_`{|}~]+)|(?:^|\\s+|[!""#$№%&\\\'()*+,\\-./:;<=>?@\\[\\]\\\\^_`{|}~]+)воняйте(?:$|\\s+|[!""#$№%&\\\'()*+,\\-./:;<=>?@\\[\\]\\\\^_`{|}~]+)|(?:^|\\s+|[!""#$№%&\\\'()*+,\\-./:;<=>?@\\[\\]\\\\^_`{|}~]+)воняем(?:$|\\s+|[!""#$№%&\\\'()*+,\\-./:;<=>?@\\[\\]\\\\^_`{|}~]+)|(?:^|\\s+|[!""#$№%&\\\'()*+,\\-./:;<=>?@\\[\\]\\\\^_`{|}~]+)вонять(?:$|\\s+|[!""#$№%&\\\'()*+,\\-./:;<=>?@\\[\\]\\\\^_`{|}~]+)|(?:^|\\s+|[!""#$№%&\\\'()*+,\\-./:;<=>?@\\[\\]\\\\^_`{|}~]+)воняют(?:$|\\s+|[!""#$№%&\\\'()*+,\\-./:;<=>?@\\[\\]\\\\^_`{|}~]+)|(?:^|\\s+|[!""#$№%&\\\'()*+,\\-./:;<=>?@\\[\\]\\\\^_`{|}~]+)воняли(?:$|\\s+|[!""#$№%&\\\'()*+,\\-./:;<=>?@\\[\\]\\\\^_`{|}~]+)|(?:^|\\s+|[!""#$№%&\\\'()*+,\\-./:;<=>?@\\[\\]\\\\^_`{|}~]+)воняет(?:$|\\s+|[!""#$№%&\\\'()*+,\\-./:;<=>?@\\[\\]\\\\^_`{|}~]+)|(?:^|\\s+|[!""#$№%&\\\'()*+,\\-./:;<=>?@\\[\\]\\\\^_`{|}~]+)воняла(?:$|\\s+|[!""#$№%&\\\'()*+,\\-./:;<=>?@\\[\\]\\\\^_`{|}~]+)|(?:^|\\s+|[!""#$№%&\\\'()*+,\\-./:;<=>?@\\[\\]\\\\^_`{|}~]+)воняло(?:$|\\s+|[!""#$№%&\\\'()*+,\\-./:;<=>?@\\[\\]\\\\^_`{|}~]+)|(?:^|\\s+|[!""#$№%&\\\'()*+,\\-./:;<=>?@\\[\\]\\\\^_`{|}~]+)воняю(?:$|\\s+|[!""#$№%&\\\'()*+,\\-./:;<=>?@\\[\\]\\\\^_`{|}~]+)|(?:^|\\s+|[!""#$№%&\\\'()*+,\\-./:;<=>?@\\[\\]\\\\^_`{|}~]+)вонял(?:$|\\s+|[!""#$№%&\\\'()*+,\\-./:;<=>?@\\[\\]\\\\^_`{|}~]+)|(?:^|\\s+|[!""#$№%&\\\'()*+,\\-./:;<=>?@\\[\\]\\\\^_`{|}~]+)воняй(?:$|\\s+|[!""#$№%&\\\'()*+,\\-./:;<=>?@\\[\\]\\\\^_`{|}~]+))'}"
"{'token_text': 'амбровый', 'pattern': '(?:(?:^|\\s+|[!""#$№%&\\\'()*+,\\-./:;<=>?@\\[\\]\\\\^_`{|}~]+)амбрового(?:$|\\s+|[!""#$№%&\\\'()*+,\\-./:;<=>?@\\[\\]\\\\^_`{|}~]+)|(?:^|\\s+|[!""#$№%&\\\'()*+,\\-./:;<=>?@\\[\\]\\\\^_`{|}~]+)амбровыми(?:$|\\s+|[!""#$№%&\\\'()*+,\\-./:;<=>?@\\[\\]\\\\^_`{|}~]+)|(?:^|\\s+|[!""#$№%&\\\'()*+,\\-./:;<=>?@\\[\\]\\\\^_`{|}~]+)амбровому(?:$|\\s+|[!""#$№%&\\\'()*+,\\-./:;<=>?@\\[\\]\\\\^_`{|}~]+)|(?:^|\\s+|[!""#$№%&\\\'()*+,\\-./:;<=>?@\\[\\]\\\\^_`{|}~]+)амбровые(?:$|\\s+|[!""#$№%&\\\'()*+,\\-./:;<=>?@\\[\\]\\\\^_`{|}~]+)|(?:^|\\s+|[!""#$№%&\\\'()*+,\\-./:;<=>?@\\[\\]\\\\^_`{|}~]+)амбровых(?:$|\\s+|[!""#$№%&\\\'()*+,\\-./:;<=>?@\\[\\]\\\\^_`{|}~]+)|(?:^|\\s+|[!""#$№%&\\\'()*+,\\-./:;<=>?@\\[\\]\\\\^_`{|}~]+)амбровой(?:$|\\s+|[!""#$№%&\\\'()*+,\\-./:;<=>?@\\[\\]\\\\^_`{|}~]+)|(?:^|\\s+|[!""#$№%&\\\'()*+,\\-./:;<=>?@\\[\\]\\\\^_`{|}~]+)амбровым(?:$|\\s+|[!""#$№%&\\\'()*+,\\-./:;<=>?@\\[\\]\\\\^_`{|}~]+)|(?:^|\\s+|[!""#$№%&\\\'()*+,\\-./:;<=>?@\\[\\]\\\\^_`{|}~]+)амбровое(?:$|\\s+|[!""#$№%&\\\'()*+,\\-./:;<=>?@\\[\\]\\\\^_`{|}~]+)|(?:^|\\s+|[!""#$№%&\\\'()*+,\\-./:;<=>?@\\[\\]\\\\^_`{|}~]+)амбровую(?:$|\\s+|[!""#$№%&\\\'()*+,\\-./:;<=>?@\\[\\]\\\\^_`{|}~]+)|(?:^|\\s+|[!""#$№%&\\\'()*+,\\-./:;<=>?@\\[\\]\\\\^_`{|}~]+)амбровою(?:$|\\s+|[!""#$№%&\\\'()*+,\\-./:;<=>?@\\[\\]\\\\^_`{|}~]+)|(?:^|\\s+|[!""#$№%&\\\'()*+,\\-./:;<=>?@\\[\\]\\\\^_`{|}~]+)амбровом(?:$|\\s+|[!""#$№%&\\\'()*+,\\-./:;<=>?@\\[\\]\\\\^_`{|}~]+)|(?:^|\\s+|[!""#$№%&\\\'()*+,\\-./:;<=>?@\\[\\]\\\\^_`{|}~]+)амбровый(?:$|\\s+|[!""#$№%&\\\'()*+,\\-./:;<=>?@\\[\\]\\\\^_`{|}~]+)|(?:^|\\s+|[!""#$№%&\\\'()*+,\\-./:;<=>?@\\[\\]\\\\^_`{|}~]+)амбровая(?:$|\\s+|[!""#$№%&\\\'()*+,\\-./:;<=>?@\\[\\]\\\\^_`{|}~]+))'}"
"{'token_text': 'благоухание', 'pattern': '(?:(?:^|\\s+|[!""#$№%&\\\'()*+,\\-./:;<=>?@\\[\\]\\\\^_`{|}~]+)благоуханиями(?:$|\\s+|[!""#$№%&\\\'()*+,\\-./:;<=>?@\\[\\]\\\\^_`{|}~]+)|(?:^|\\s+|[!""#$№%&\\\'()*+,\\-./:;<=>?@\\[\\]\\\\^_`{|}~]+)благоуханьями(?:$|\\s+|[!""#$№%&\\\'()*+,\\-./:;<=>?@\\[\\]\\\\^_`{|}~]+)|(?:^|\\s+|[!""#$№%&\\\'()*+,\\-./:;<=>?@\\[\\]\\\\^_`{|}~]+)благоуханьем(?:$|\\s+|[!""#$№%&\\\'()*+,\\-./:;<=>?@\\[\\]\\\\^_`{|}~]+)|(?:^|\\s+|[!""#$№%&\\\'()*+,\\-./:;<=>?@\\[\\]\\\\^_`{|}~]+)благоуханиях(?:$|\\s+|[!""#$№%&\\\'()*+,\\-./:;<=>?@\\[\\]\\\\^_`{|}~]+)|(?:^|\\s+|[!""#$№%&\\\'()*+,\\-./:;<=>?@\\[\\]\\\\^_`{|}~]+)благоуханьях(?:$|\\s+|[!""#$№%&\\\'()*+,\\-./:;<=>?@\\[\\]\\\\^_`{|}~]+)|(?:^|\\s+|[!""#$№%&\\\'()*+,\\-./:;<=>?@\\[\\]\\\\^_`{|}~]+)благоуханием(?:$|\\s+|[!""#$№%&\\\'()*+,\\-./:;<=>?@\\[\\]\\\\^_`{|}~]+)|(?:^|\\s+|[!""#$№%&\\\'()*+,\\-./:;<=>?@\\[\\]\\\\^_`{|}~]+)благоуханиям(?:$|\\s+|[!""#$№%&\\\'()*+,\\-./:;<=>?@\\[\\]\\\\^_`{|}~]+)|(?:^|\\s+|[!""#$№%&\\\'()*+,\\-./:;<=>?@\\[\\]\\\\^_`{|}~]+)благоуханьям(?:$|\\s+|[!""#$№%&\\\'()*+,\\-./:;<=>?@\\[\\]\\\\^_`{|}~]+)|(?:^|\\s+|[!""#$№%&\\\'()*+,\\-./:;<=>?@\\[\\]\\\\^_`{|}~]+)благоуханью(?:$|\\s+|[!""#$№%&\\\'()*+,\\-./:;<=>?@\\[\\]\\\\^_`{|}~]+)|(?:^|\\s+|[!""#$№%&\\\'()*+,\\-./:;<=>?@\\[\\]\\\\^_`{|}~]+)благоухания(?:$|\\s+|[!""#$№%&\\\'()*+,\\-./:;<=>?@\\[\\]\\\\^_`{|}~]+)|(?:^|\\s+|[!""#$№%&\\\'()*+,\\-./:;<=>?@\\[\\]\\\\^_`{|}~]+)благоуханьи(?:$|\\s+|[!""#$№%&\\\'()*+,\\-./:;<=>?@\\[\\]\\\\^_`{|}~]+)|(?:^|\\s+|[!""#$№%&\\\'()*+,\\-./:;<=>?@\\[\\]\\\\^_`{|}~]+)благоуханий(?:$|\\s+|[!""#$№%&\\\'()*+,\\-./:;<=>?@\\[\\]\\\\^_`{|}~]+)|(?:^|\\s+|[!""#$№%&\\\'()*+,\\-./:;<=>?@\\[\\]\\\\^_`{|}~]+)благоуханье(?:$|\\s+|[!""#$№%&\\\'()*+,\\-./:;<=>?@\\[\\]\\\\^_`{|}~]+)|(?:^|\\s+|[!""#$№%&\\\'()*+,\\-./:;<=>?@\\[\\]\\\\^_`{|}~]+)благоуханья(?:$|\\s+|[!""#$№%&\\\'()*+,\\-./:;<=>?@\\[\\]\\\\^_`{|}~]+)|(?:^|\\s+|[!""#$№%&\\\'()*+,\\-./:;<=>?@\\[\\]\\\\^_`{|}~]+)благоухании(?:$|\\s+|[!""#$№%&\\\'()*+,\\-./:;<=>?@\\[\\]\\\\^_`{|}~]+)|(?:^|\\s+|[!""#$№%&\\\'()*+,\\-./:;<=>?@\\[\\]\\\\^_`{|}~]+)благоухание(?:$|\\s+|[!""#$№%&\\\'()*+,\\-./:;<=>?@\\[\\]\\\\^_`{|}~]+)|(?:^|\\s+|[!""#$№%&\\\'()*+,\\-./:;<=>?@\\[\\]\\\\^_`{|}~]+)благоуханию(?:$|\\s+|[!""#$№%&\\\'()*+,\\-./:;<=>?@\\[\\]\\\\^_`{|}~]+))'}"
"{'token_text': 'гнилостный', 'pattern': '(?:(?:^|\\s+|[!""#$№%&\\\'()*+,\\-./:;<=>?@\\[\\]\\\\^_`{|}~]+)гнилостному(?:$|\\s+|[!""#$№%&\\\'()*+,\\-./:;<=>?@\\[\\]\\\\^_`{|}~]+)|(?:^|\\s+|[!""#$№%&\\\'()*+,\\-./:;<=>?@\\[\\]\\\\^_`{|}~]+)гнилостными(?:$|\\s+|[!""#$№%&\\\'()*+,\\-./:;<=>?@\\[\\]\\\\^_`{|}~]+)|(?:^|\\s+|[!""#$№%&\\\'()*+,\\-./:;<=>?@\\[\\]\\\\^_`{|}~]+)гнилостного(?:$|\\s+|[!""#$№%&\\\'()*+,\\-./:;<=>?@\\[\\]\\\\^_`{|}~]+)|(?:^|\\s+|[!""#$№%&\\\'()*+,\\-./:;<=>?@\\[\\]\\\\^_`{|}~]+)гнилостной(?:$|\\s+|[!""#$№%&\\\'()*+,\\-./:;<=>?@\\[\\]\\\\^_`{|}~]+)|(?:^|\\s+|[!""#$№%&\\\'()*+,\\-./:;<=>?@\\[\\]\\\\^_`{|}~]+)гнилостною(?:$|\\s+|[!""#$№%&\\\'()*+,\\-./:;<=>?@\\[\\]\\\\^_`{|}~]+)|(?:^|\\s+|[!""#$№%&\\\'()*+,\\-./:;<=>?@\\[\\]\\\\^_`{|}~]+)гнилостные(?:$|\\s+|[!""#$№%&\\\'()*+,\\-./:;<=>?@\\[\\]\\\\^_`{|}~]+)|(?:^|\\s+|[!""#$№%&\\\'()*+,\\-./:;<=>?@\\[\\]\\\\^_`{|}~]+)гнилостную(?:$|\\s+|[!""#$№%&\\\'()*+,\\-./:;<=>?@\\[\\]\\\\^_`{|}~]+)|(?:^|\\s+|[!""#$№%&\\\'()*+,\\-./:;<=>?@\\[\\]\\\\^_`{|}~]+)гнилостных(?:$|\\s+|[!""#$№%&\\\'()*+,\\-./:;<=>?@\\[\\]\\\\^_`{|}~]+)|(?:^|\\s+|[!""#$№%&\\\'()*+,\\-./:;<=>?@\\[\\]\\\\^_`{|}~]+)гнилостном(?:$|\\s+|[!""#$№%&\\\'()*+,\\-./:;<=>?@\\[\\]\\\\^_`{|}~]+)|(?:^|\\s+|[!""#$№%&\\\'()*+,\\-./:;<=>?@\\[\\]\\\\^_`{|}~]+)гнилостный(?:$|\\s+|[!""#$№%&\\\'()*+,\\-./:;<=>?@\\[\\]\\\\^_`{|}~]+)|(?:^|\\s+|[!""#$№%&\\\'()*+,\\-./:;<=>?@\\[\\]\\\\^_`{|}~]+)гнилостная(?:$|\\s+|[!""#$№%&\\\'()*+,\\-./:;<=>?@\\[\\]\\\\^_`{|}~]+)|(?:^|\\s+|[!""#$№%&\\\'()*+,\\-./:;<=>?@\\[\\]\\\\^_`{|}~]+)гнилостным(?:$|\\s+|[!""#$№%&\\\'()*+,\\-./:;<=>?@\\[\\]\\\\^_`{|}~]+)|(?:^|\\s+|[!""#$№%&\\\'()*+,\\-./:;<=>?@\\[\\]\\\\^_`{|}~]+)гнилостное(?:$|\\s+|[!""#$№%&\\\'()*+,\\-./:;<=>?@\\[\\]\\\\^_`{|}~]+))'}"
"{'token_text': 'амбре', 'pattern': '(?:(?:^|\\s+|[!""#$№%&\\\'()*+,\\-./:;<=>?@\\[\\]\\\\^_`{|}~]+)амбрами(?:$|\\s+|[!""#$№%&\\\'()*+,\\-./:;<=>?@\\[\\]\\\\^_`{|}~]+)|(?:^|\\s+|[!""#$№%&\\\'()*+,\\-./:;<=>?@\\[\\]\\\\^_`{|}~]+)амброй(?:$|\\s+|[!""#$№%&\\\'()*+,\\-./:;<=>?@\\[\\]\\\\^_`{|}~]+)|(?:^|\\s+|[!""#$№%&\\\'()*+,\\-./:;<=>?@\\[\\]\\\\^_`{|}~]+)амброю(?:$|\\s+|[!""#$№%&\\\'()*+,\\-./:;<=>?@\\[\\]\\\\^_`{|}~]+)|(?:^|\\s+|[!""#$№%&\\\'()*+,\\-./:;<=>?@\\[\\]\\\\^_`{|}~]+)амбрах(?:$|\\s+|[!""#$№%&\\\'()*+,\\-./:;<=>?@\\[\\]\\\\^_`{|}~]+)|(?:^|\\s+|[!""#$№%&\\\'()*+,\\-./:;<=>?@\\[\\]\\\\^_`{|}~]+)амбрам(?:$|\\s+|[!""#$№%&\\\'()*+,\\-./:;<=>?@\\[\\]\\\\^_`{|}~]+)|(?:^|\\s+|[!""#$№%&\\\'()*+,\\-./:;<=>?@\\[\\]\\\\^_`{|}~]+)амбра(?:$|\\s+|[!""#$№%&\\\'()*+,\\-./:;<=>?@\\[\\]\\\\^_`{|}~]+)|(?:^|\\s+|[!""#$№%&\\\'()*+,\\-./:;<=>?@\\[\\]\\\\^_`{|}~]+)амбру(?:$|\\s+|[!""#$№%&\\\'()*+,\\-./:;<=>?@\\[\\]\\\\^_`{|}~]+)|(?:^|\\s+|[!""#$№%&\\\'()*+,\\-./:;<=>?@\\[\\]\\\\^_`{|}~]+)амбре(?:$|\\s+|[!""#$№%&\\\'()*+,\\-./:;<=>?@\\[\\]\\\\^_`{|}~]+)|(?:^|\\s+|[!""#$№%&\\\'()*+,\\-./:;<=>?@\\[\\]\\\\^_`{|}~]+)амбры(?:$|\\s+|[!""#$№%&\\\'()*+,\\-./:;<=>?@\\[\\]\\\\^_`{|}~]+)|(?:^|\\s+|[!""#$№%&\\\'()*+,\\-./:;<=>?@\\[\\]\\\\^_`{|}~]+)амбр(?:$|\\s+|[!""#$№%&\\\'()*+,\\-./:;<=>?@\\[\\]\\\\^_`{|}~]+))'}"
"{'token_text': 'сандал', 'pattern': '(?:(?:^|\\s+|[!""#$№%&\\\'()*+,\\-./:;<=>?@\\[\\]\\\\^_`{|}~]+)сандалами(?:$|\\s+|[!""#$№%&\\\'()*+,\\-./:;<=>?@\\[\\]\\\\^_`{|}~]+)|(?:^|\\s+|[!""#$№%&\\\'()*+,\\-./:;<=>?@\\[\\]\\\\^_`{|}~]+)сандалов(?:$|\\s+|[!""#$№%&\\\'()*+,\\-./:;<=>?@\\[\\]\\\\^_`{|}~]+)|(?:^|\\s+|[!""#$№%&\\\'()*+,\\-./:;<=>?@\\[\\]\\\\^_`{|}~]+)сандалам(?:$|\\s+|[!""#$№%&\\\'()*+,\\-./:;<=>?@\\[\\]\\\\^_`{|}~]+)|(?:^|\\s+|[!""#$№%&\\\'()*+,\\-./:;<=>?@\\[\\]\\\\^_`{|}~]+)сандалах(?:$|\\s+|[!""#$№%&\\\'()*+,\\-./:;<=>?@\\[\\]\\\\^_`{|}~]+)|(?:^|\\s+|[!""#$№%&\\\'()*+,\\-./:;<=>?@\\[\\]\\\\^_`{|}~]+)сандалом(?:$|\\s+|[!""#$№%&\\\'()*+,\\-./:;<=>?@\\[\\]\\\\^_`{|}~]+)|(?:^|\\s+|[!""#$№%&\\\'()*+,\\-./:;<=>?@\\[\\]\\\\^_`{|}~]+)сандалы(?:$|\\s+|[!""#$№%&\\\'()*+,\\-./:;<=>?@\\[\\]\\\\^_`{|}~]+)|(?:^|\\s+|[!""#$№%&\\\'()*+,\\-./:;<=>?@\\[\\]\\\\^_`{|}~]+)сандале(?:$|\\s+|[!""#$№%&\\\'()*+,\\-./:;<=>?@\\[\\]\\\\^_`{|}~]+)|(?:^|\\s+|[!""#$№%&\\\'()*+,\\-./:;<=>?@\\[\\]\\\\^_`{|}~]+)сандалу(?:$|\\s+|[!""#$№%&\\\'()*+,\\-./:;<=>?@\\[\\]\\\\^_`{|}~]+)|(?:^|\\s+|[!""#$№%&\\\'()*+,\\-./:;<=>?@\\[\\]\\\\^_`{|}~]+)сандала(?:$|\\s+|[!""#$№%&\\\'()*+,\\-./:;<=>?@\\[\\]\\\\^_`{|}~]+)|(?:^|\\s+|[!""#$№%&\\\'()*+,\\-./:;<=>?@\\[\\]\\\\^_`{|}~]+)сандал(?:$|\\s+|[!""#$№%&\\\'()*+,\\-./:;<=>?@\\[\\]\\\\^_`{|}~]+))'}"
"{'token_text': 'перегар', 'pattern': '(?:(?:^|\\s+|[!""#$№%&\\\'()*+,\\-./:;<=>?@\\[\\]\\\\^_`{|}~]+)перегарами(?:$|\\s+|[!""#$№%&\\\'()*+,\\-./:;<=>?@\\[\\]\\\\^_`{|}~]+)|(?:^|\\s+|[!""#$№%&\\\'()*+,\\-./:;<=>?@\\[\\]\\\\^_`{|}~]+)перегарах(?:$|\\s+|[!""#$№%&\\\'()*+,\\-./:;<=>?@\\[\\]\\\\^_`{|}~]+)|(?:^|\\s+|[!""#$№%&\\\'()*+,\\-./:;<=>?@\\[\\]\\\\^_`{|}~]+)перегарам(?:$|\\s+|[!""#$№%&\\\'()*+,\\-./:;<=>?@\\[\\]\\\\^_`{|}~]+)|(?:^|\\s+|[!""#$№%&\\\'()*+,\\-./:;<=>?@\\[\\]\\\\^_`{|}~]+)перегаров(?:$|\\s+|[!""#$№%&\\\'()*+,\\-./:;<=>?@\\[\\]\\\\^_`{|}~]+)|(?:^|\\s+|[!""#$№%&\\\'()*+,\\-./:;<=>?@\\[\\]\\\\^_`{|}~]+)перегаром(?:$|\\s+|[!""#$№%&\\\'()*+,\\-./:;<=>?@\\[\\]\\\\^_`{|}~]+)|(?:^|\\s+|[!""#$№%&\\\'()*+,\\-./:;<=>?@\\[\\]\\\\^_`{|}~]+)перегара(?:$|\\s+|[!""#$№%&\\\'()*+,\\-./:;<=>?@\\[\\]\\\\^_`{|}~]+)|(?:^|\\s+|[!""#$№%&\\\'()*+,\\-./:;<=>?@\\[\\]\\\\^_`{|}~]+)перегары(?:$|\\s+|[!""#$№%&\\\'()*+,\\-./:;<=>?@\\[\\]\\\\^_`{|}~]+)|(?:^|\\s+|[!""#$№%&\\\'()*+,\\-./:;<=>?@\\[\\]\\\\^_`{|}~]+)перегаре(?:$|\\s+|[!""#$№%&\\\'()*+,\\-./:;<=>?@\\[\\]\\\\^_`{|}~]+)|(?:^|\\s+|[!""#$№%&\\\'()*+,\\-./:;<=>?@\\[\\]\\\\^_`{|}~]+)перегару(?:$|\\s+|[!""#$№%&\\\'()*+,\\-./:;<=>?@\\[\\]\\\\^_`{|}~]+)|(?:^|\\s+|[!""#$№%&\\\'()*+,\\-./:;<=>?@\\[\\]\\\\^_`{|}~]+)перегар(?:$|\\s+|[!""#$№%&\\\'()*+,\\-./:;<=>?@\\[\\]\\\\^_`{|}~]+))'}"
"{'token_text': 'благоуханный', 'pattern': '(?:(?:^|\\s+|[!""#$№%&\\\'()*+,\\-./:;<=>?@\\[\\]\\\\^_`{|}~]+)благоуханному(?:$|\\s+|[!""#$№%&\\\'()*+,\\-./:;<=>?@\\[\\]\\\\^_`{|}~]+)|(?:^|\\s+|[!""#$№%&\\\'()*+,\\-./:;<=>?@\\[\\]\\\\^_`{|}~]+)благоуханными(?:$|\\s+|[!""#$№%&\\\'()*+,\\-./:;<=>?@\\[\\]\\\\^_`{|}~]+)|(?:^|\\s+|[!""#$№%&\\\'()*+,\\-./:;<=>?@\\[\\]\\\\^_`{|}~]+)благоуханного(?:$|\\s+|[!""#$№%&\\\'()*+,\\-./:;<=>?@\\[\\]\\\\^_`{|}~]+)|(?:^|\\s+|[!""#$№%&\\\'()*+,\\-./:;<=>?@\\[\\]\\\\^_`{|}~]+)благоуханной(?:$|\\s+|[!""#$№%&\\\'()*+,\\-./:;<=>?@\\[\\]\\\\^_`{|}~]+)|(?:^|\\s+|[!""#$№%&\\\'()*+,\\-./:;<=>?@\\[\\]\\\\^_`{|}~]+)благоуханном(?:$|\\s+|[!""#$№%&\\\'()*+,\\-./:;<=>?@\\[\\]\\\\^_`{|}~]+)|(?:^|\\s+|[!""#$№%&\\\'()*+,\\-./:;<=>?@\\[\\]\\\\^_`{|}~]+)благоуханную(?:$|\\s+|[!""#$№%&\\\'()*+,\\-./:;<=>?@\\[\\]\\\\^_`{|}~]+)|(?:^|\\s+|[!""#$№%&\\\'()*+,\\-./:;<=>?@\\[\\]\\\\^_`{|}~]+)благоуханною(?:$|\\s+|[!""#$№%&\\\'()*+,\\-./:;<=>?@\\[\\]\\\\^_`{|}~]+)|(?:^|\\s+|[!""#$№%&\\\'()*+,\\-./:;<=>?@\\[\\]\\\\^_`{|}~]+)благоуханное(?:$|\\s+|[!""#$№%&\\\'()*+,\\-./:;<=>?@\\[\\]\\\\^_`{|}~]+)|(?:^|\\s+|[!""#$№%&\\\'()*+,\\-./:;<=>?@\\[\\]\\\\^_`{|}~]+)благоуханные(?:$|\\s+|[!""#$№%&\\\'()*+,\\-./:;<=>?@\\[\\]\\\\^_`{|}~]+)|(?:^|\\s+|[!""#$№%&\\\'()*+,\\-./:;<=>?@\\[\\]\\\\^_`{|}~]+)благоуханный(?:$|\\s+|[!""#$№%&\\\'()*+,\\-./:;<=>?@\\[\\]\\\\^_`{|}~]+)|(?:^|\\s+|[!""#$№%&\\\'()*+,\\-./:;<=>?@\\[\\]\\\\^_`{|}~]+)благоуханная(?:$|\\s+|[!""#$№%&\\\'()*+,\\-./:;<=>?@\\[\\]\\\\^_`{|}~]+)|(?:^|\\s+|[!""#$№%&\\\'()*+,\\-./:;<=>?@\\[\\]\\\\^_`{|}~]+)благоуханных(?:$|\\s+|[!""#$№%&\\\'()*+,\\-./:;<=>?@\\[\\]\\\\^_`{|}~]+)|(?:^|\\s+|[!""#$№%&\\\'()*+,\\-./:;<=>?@\\[\\]\\\\^_`{|}~]+)благоуханным(?:$|\\s+|[!""#$№%&\\\'()*+,\\-./:;<=>?@\\[\\]\\\\^_`{|}~]+))'}"
"{'token_text': 'дерьмо', 'pattern': '(?:(?:^|\\s+|[!""#$№%&\\\'()*+,\\-./:;<=>?@\\[\\]\\\\^_`{|}~]+)дерьмом(?:$|\\s+|[!""#$№%&\\\'()*+,\\-./:;<=>?@\\[\\]\\\\^_`{|}~]+)|(?:^|\\s+|[!""#$№%&\\\'()*+,\\-./:;<=>?@\\[\\]\\\\^_`{|}~]+)дерьму(?:$|\\s+|[!""#$№%&\\\'()*+,\\-./:;<=>?@\\[\\]\\\\^_`{|}~]+)|(?:^|\\s+|[!""#$№%&\\\'()*+,\\-./:;<=>?@\\[\\]\\\\^_`{|}~]+)дерьма(?:$|\\s+|[!""#$№%&\\\'()*+,\\-./:;<=>?@\\[\\]\\\\^_`{|}~]+)|(?:^|\\s+|[!""#$№%&\\\'()*+,\\-./:;<=>?@\\[\\]\\\\^_`{|}~]+)дерьме(?:$|\\s+|[!""#$№%&\\\'()*+,\\-./:;<=>?@\\[\\]\\\\^_`{|}~]+)|(?:^|\\s+|[!""#$№%&\\\'()*+,\\-./:;<=>?@\\[\\]\\\\^_`{|}~]+)дерьмо(?:$|\\s+|[!""#$№%&\\\'()*+,\\-./:;<=>?@\\[\\]\\\\^_`{|}~]+))'}"
"{'token_text': 'благовоние', 'pattern': '(?:(?:^|\\s+|[!""#$№%&\\\'()*+,\\-./:;<=>?@\\[\\]\\\\^_`{|}~]+)благовоньями(?:$|\\s+|[!""#$№%&\\\'()*+,\\-./:;<=>?@\\[\\]\\\\^_`{|}~]+)|(?:^|\\s+|[!""#$№%&\\\'()*+,\\-./:;<=>?@\\[\\]\\\\^_`{|}~]+)благовониями(?:$|\\s+|[!""#$№%&\\\'()*+,\\-./:;<=>?@\\[\\]\\\\^_`{|}~]+)|(?:^|\\s+|[!""#$№%&\\\'()*+,\\-./:;<=>?@\\[\\]\\\\^_`{|}~]+)благовоньях(?:$|\\s+|[!""#$№%&\\\'()*+,\\-./:;<=>?@\\[\\]\\\\^_`{|}~]+)|(?:^|\\s+|[!""#$№%&\\\'()*+,\\-./:;<=>?@\\[\\]\\\\^_`{|}~]+)благовоньем(?:$|\\s+|[!""#$№%&\\\'()*+,\\-./:;<=>?@\\[\\]\\\\^_`{|}~]+)|(?:^|\\s+|[!""#$№%&\\\'()*+,\\-./:;<=>?@\\[\\]\\\\^_`{|}~]+)благовониям(?:$|\\s+|[!""#$№%&\\\'()*+,\\-./:;<=>?@\\[\\]\\\\^_`{|}~]+)|(?:^|\\s+|[!""#$№%&\\\'()*+,\\-./:;<=>?@\\[\\]\\\\^_`{|}~]+)благовониях(?:$|\\s+|[!""#$№%&\\\'()*+,\\-./:;<=>?@\\[\\]\\\\^_`{|}~]+)|(?:^|\\s+|[!""#$№%&\\\'()*+,\\-./:;<=>?@\\[\\]\\\\^_`{|}~]+)благовонием(?:$|\\s+|[!""#$№%&\\\'()*+,\\-./:;<=>?@\\[\\]\\\\^_`{|}~]+)|(?:^|\\s+|[!""#$№%&\\\'()*+,\\-./:;<=>?@\\[\\]\\\\^_`{|}~]+)благовоньям(?:$|\\s+|[!""#$№%&\\\'()*+,\\-./:;<=>?@\\[\\]\\\\^_`{|}~]+)|(?:^|\\s+|[!""#$№%&\\\'()*+,\\-./:;<=>?@\\[\\]\\\\^_`{|}~]+)благовонии(?:$|\\s+|[!""#$№%&\\\'()*+,\\-./:;<=>?@\\[\\]\\\\^_`{|}~]+)|(?:^|\\s+|[!""#$№%&\\\'()*+,\\-./:;<=>?@\\[\\]\\\\^_`{|}~]+)благовоний(?:$|\\s+|[!""#$№%&\\\'()*+,\\-./:;<=>?@\\[\\]\\\\^_`{|}~]+)|(?:^|\\s+|[!""#$№%&\\\'()*+,\\-./:;<=>?@\\[\\]\\\\^_`{|}~]+)благовонье(?:$|\\s+|[!""#$№%&\\\'()*+,\\-./:;<=>?@\\[\\]\\\\^_`{|}~]+)|(?:^|\\s+|[!""#$№%&\\\'()*+,\\-./:;<=>?@\\[\\]\\\\^_`{|}~]+)благовония(?:$|\\s+|[!""#$№%&\\\'()*+,\\-./:;<=>?@\\[\\]\\\\^_`{|}~]+)|(?:^|\\s+|[!""#$№%&\\\'()*+,\\-./:;<=>?@\\[\\]\\\\^_`{|}~]+)благовонья(?:$|\\s+|[!""#$№%&\\\'()*+,\\-./:;<=>?@\\[\\]\\\\^_`{|}~]+)|(?:^|\\s+|[!""#$№%&\\\'()*+,\\-./:;<=>?@\\[\\]\\\\^_`{|}~]+)благовоньи(?:$|\\s+|[!""#$№%&\\\'()*+,\\-./:;<=>?@\\[\\]\\\\^_`{|}~]+)|(?:^|\\s+|[!""#$№%&\\\'()*+,\\-./:;<=>?@\\[\\]\\\\^_`{|}~]+)благовонью(?:$|\\s+|[!""#$№%&\\\'()*+,\\-./:;<=>?@\\[\\]\\\\^_`{|}~]+)|(?:^|\\s+|[!""#$№%&\\\'()*+,\\-./:;<=>?@\\[\\]\\\\^_`{|}~]+)благовонию(?:$|\\s+|[!""#$№%&\\\'()*+,\\-./:;<=>?@\\[\\]\\\\^_`{|}~]+)|(?:^|\\s+|[!""#$№%&\\\'()*+,\\-./:;<=>?@\\[\\]\\\\^_`{|}~]+)благовоние(?:$|\\s+|[!""#$№%&\\\'()*+,\\-./:;<=>?@\\[\\]\\\\^_`{|}~]+))'}"
"{'token_text': 'палёный', 'pattern': '(?:(?:^|\\s+|[!""#$№%&\\\'()*+,\\-./:;<=>?@\\[\\]\\\\^_`{|}~]+)палёными(?:$|\\s+|[!""#$№%&\\\'()*+,\\-./:;<=>?@\\[\\]\\\\^_`{|}~]+)|(?:^|\\s+|[!""#$№%&\\\'()*+,\\-./:;<=>?@\\[\\]\\\\^_`{|}~]+)палёному(?:$|\\s+|[!""#$№%&\\\'()*+,\\-./:;<=>?@\\[\\]\\\\^_`{|}~]+)|(?:^|\\s+|[!""#$№%&\\\'()*+,\\-./:;<=>?@\\[\\]\\\\^_`{|}~]+)палёного(?:$|\\s+|[!""#$№%&\\\'()*+,\\-./:;<=>?@\\[\\]\\\\^_`{|}~]+)|(?:^|\\s+|[!""#$№%&\\\'()*+,\\-./:;<=>?@\\[\\]\\\\^_`{|}~]+)палёною(?:$|\\s+|[!""#$№%&\\\'()*+,\\-./:;<=>?@\\[\\]\\\\^_`{|}~]+)|(?:^|\\s+|[!""#$№%&\\\'()*+,\\-./:;<=>?@\\[\\]\\\\^_`{|}~]+)палёное(?:$|\\s+|[!""#$№%&\\\'()*+,\\-./:;<=>?@\\[\\]\\\\^_`{|}~]+)|(?:^|\\s+|[!""#$№%&\\\'()*+,\\-./:;<=>?@\\[\\]\\\\^_`{|}~]+)палёной(?:$|\\s+|[!""#$№%&\\\'()*+,\\-./:;<=>?@\\[\\]\\\\^_`{|}~]+)|(?:^|\\s+|[!""#$№%&\\\'()*+,\\-./:;<=>?@\\[\\]\\\\^_`{|}~]+)палёный(?:$|\\s+|[!""#$№%&\\\'()*+,\\-./:;<=>?@\\[\\]\\\\^_`{|}~]+)|(?:^|\\s+|[!""#$№%&\\\'()*+,\\-./:;<=>?@\\[\\]\\\\^_`{|}~]+)палёном(?:$|\\s+|[!""#$№%&\\\'()*+,\\-./:;<=>?@\\[\\]\\\\^_`{|}~]+)|(?:^|\\s+|[!""#$№%&\\\'()*+,\\-./:;<=>?@\\[\\]\\\\^_`{|}~]+)палёные(?:$|\\s+|[!""#$№%&\\\'()*+,\\-./:;<=>?@\\[\\]\\\\^_`{|}~]+)|(?:^|\\s+|[!""#$№%&\\\'()*+,\\-./:;<=>?@\\[\\]\\\\^_`{|}~]+)палёным(?:$|\\s+|[!""#$№%&\\\'()*+,\\-./:;<=>?@\\[\\]\\\\^_`{|}~]+)|(?:^|\\s+|[!""#$№%&\\\'()*+,\\-./:;<=>?@\\[\\]\\\\^_`{|}~]+)палёных(?:$|\\s+|[!""#$№%&\\\'()*+,\\-./:;<=>?@\\[\\]\\\\^_`{|}~]+)|(?:^|\\s+|[!""#$№%&\\\'()*+,\\-./:;<=>?@\\[\\]\\\\^_`{|}~]+)палёную(?:$|\\s+|[!""#$№%&\\\'()*+,\\-./:;<=>?@\\[\\]\\\\^_`{|}~]+)|(?:^|\\s+|[!""#$№%&\\\'()*+,\\-./:;<=>?@\\[\\]\\\\^_`{|}~]+)палёная(?:$|\\s+|[!""#$№%&\\\'()*+,\\-./:;<=>?@\\[\\]\\\\^_`{|}~]+))'}"
"{'token_text': 'обоняние', 'pattern': '(?:(?:^|\\s+|[!""#$№%&\\\'()*+,\\-./:;<=>?@\\[\\]\\\\^_`{|}~]+)обоняньями(?:$|\\s+|[!""#$№%&\\\'()*+,\\-./:;<=>?@\\[\\]\\\\^_`{|}~]+)|(?:^|\\s+|[!""#$№%&\\\'()*+,\\-./:;<=>?@\\[\\]\\\\^_`{|}~]+)обоняниями(?:$|\\s+|[!""#$№%&\\\'()*+,\\-./:;<=>?@\\[\\]\\\\^_`{|}~]+)|(?:^|\\s+|[!""#$№%&\\\'()*+,\\-./:;<=>?@\\[\\]\\\\^_`{|}~]+)обоняньем(?:$|\\s+|[!""#$№%&\\\'()*+,\\-./:;<=>?@\\[\\]\\\\^_`{|}~]+)|(?:^|\\s+|[!""#$№%&\\\'()*+,\\-./:;<=>?@\\[\\]\\\\^_`{|}~]+)обонянием(?:$|\\s+|[!""#$№%&\\\'()*+,\\-./:;<=>?@\\[\\]\\\\^_`{|}~]+)|(?:^|\\s+|[!""#$№%&\\\'()*+,\\-./:;<=>?@\\[\\]\\\\^_`{|}~]+)обоняниях(?:$|\\s+|[!""#$№%&\\\'()*+,\\-./:;<=>?@\\[\\]\\\\^_`{|}~]+)|(?:^|\\s+|[!""#$№%&\\\'()*+,\\-./:;<=>?@\\[\\]\\\\^_`{|}~]+)обоняньям(?:$|\\s+|[!""#$№%&\\\'()*+,\\-./:;<=>?@\\[\\]\\\\^_`{|}~]+)|(?:^|\\s+|[!""#$№%&\\\'()*+,\\-./:;<=>?@\\[\\]\\\\^_`{|}~]+)обоняньях(?:$|\\s+|[!""#$№%&\\\'()*+,\\-./:;<=>?@\\[\\]\\\\^_`{|}~]+)|(?:^|\\s+|[!""#$№%&\\\'()*+,\\-./:;<=>?@\\[\\]\\\\^_`{|}~]+)обоняниям(?:$|\\s+|[!""#$№%&\\\'()*+,\\-./:;<=>?@\\[\\]\\\\^_`{|}~]+)|(?:^|\\s+|[!""#$№%&\\\'()*+,\\-./:;<=>?@\\[\\]\\\\^_`{|}~]+)обонянью(?:$|\\s+|[!""#$№%&\\\'()*+,\\-./:;<=>?@\\[\\]\\\\^_`{|}~]+)|(?:^|\\s+|[!""#$№%&\\\'()*+,\\-./:;<=>?@\\[\\]\\\\^_`{|}~]+)обонянию(?:$|\\s+|[!""#$№%&\\\'()*+,\\-./:;<=>?@\\[\\]\\\\^_`{|}~]+)|(?:^|\\s+|[!""#$№%&\\\'()*+,\\-./:;<=>?@\\[\\]\\\\^_`{|}~]+)обоняний(?:$|\\s+|[!""#$№%&\\\'()*+,\\-./:;<=>?@\\[\\]\\\\^_`{|}~]+)|(?:^|\\s+|[!""#$№%&\\\'()*+,\\-./:;<=>?@\\[\\]\\\\^_`{|}~]+)обонянья(?:$|\\s+|[!""#$№%&\\\'()*+,\\-./:;<=>?@\\[\\]\\\\^_`{|}~]+)|(?:^|\\s+|[!""#$№%&\\\'()*+,\\-./:;<=>?@\\[\\]\\\\^_`{|}~]+)обоняньи(?:$|\\s+|[!""#$№%&\\\'()*+,\\-./:;<=>?@\\[\\]\\\\^_`{|}~]+)|(?:^|\\s+|[!""#$№%&\\\'()*+,\\-./:;<=>?@\\[\\]\\\\^_`{|}~]+)обоняние(?:$|\\s+|[!""#$№%&\\\'()*+,\\-./:;<=>?@\\[\\]\\\\^_`{|}~]+)|(?:^|\\s+|[!""#$№%&\\\'()*+,\\-./:;<=>?@\\[\\]\\\\^_`{|}~]+)обонянии(?:$|\\s+|[!""#$№%&\\\'()*+,\\-./:;<=>?@\\[\\]\\\\^_`{|}~]+)|(?:^|\\s+|[!""#$№%&\\\'()*+,\\-./:;<=>?@\\[\\]\\\\^_`{|}~]+)обоняния(?:$|\\s+|[!""#$№%&\\\'()*+,\\-./:;<=>?@\\[\\]\\\\^_`{|}~]+)|(?:^|\\s+|[!""#$№%&\\\'()*+,\\-./:;<=>?@\\[\\]\\\\^_`{|}~]+)обонянье(?:$|\\s+|[!""#$№%&\\\'()*+,\\-./:;<=>?@\\[\\]\\\\^_`{|}~]+))'}"
"{'token_text': 'одеколон', 'pattern': '(?:(?:^|\\s+|[!""#$№%&\\\'()*+,\\-./:;<=>?@\\[\\]\\\\^_`{|}~]+)одеколонами(?:$|\\s+|[!""#$№%&\\\'()*+,\\-./:;<=>?@\\[\\]\\\\^_`{|}~]+)|(?:^|\\s+|[!""#$№%&\\\'()*+,\\-./:;<=>?@\\[\\]\\\\^_`{|}~]+)одеколоном(?:$|\\s+|[!""#$№%&\\\'()*+,\\-./:;<=>?@\\[\\]\\\\^_`{|}~]+)|(?:^|\\s+|[!""#$№%&\\\'()*+,\\-./:;<=>?@\\[\\]\\\\^_`{|}~]+)одеколонам(?:$|\\s+|[!""#$№%&\\\'()*+,\\-./:;<=>?@\\[\\]\\\\^_`{|}~]+)|(?:^|\\s+|[!""#$№%&\\\'()*+,\\-./:;<=>?@\\[\\]\\\\^_`{|}~]+)одеколонов(?:$|\\s+|[!""#$№%&\\\'()*+,\\-./:;<=>?@\\[\\]\\\\^_`{|}~]+)|(?:^|\\s+|[!""#$№%&\\\'()*+,\\-./:;<=>?@\\[\\]\\\\^_`{|}~]+)одеколонах(?:$|\\s+|[!""#$№%&\\\'()*+,\\-./:;<=>?@\\[\\]\\\\^_`{|}~]+)|(?:^|\\s+|[!""#$№%&\\\'()*+,\\-./:;<=>?@\\[\\]\\\\^_`{|}~]+)одеколона(?:$|\\s+|[!""#$№%&\\\'()*+,\\-./:;<=>?@\\[\\]\\\\^_`{|}~]+)|(?:^|\\s+|[!""#$№%&\\\'()*+,\\-./:;<=>?@\\[\\]\\\\^_`{|}~]+)одеколоны(?:$|\\s+|[!""#$№%&\\\'()*+,\\-./:;<=>?@\\[\\]\\\\^_`{|}~]+)|(?:^|\\s+|[!""#$№%&\\\'()*+,\\-./:;<=>?@\\[\\]\\\\^_`{|}~]+)одеколоне(?:$|\\s+|[!""#$№%&\\\'()*+,\\-./:;<=>?@\\[\\]\\\\^_`{|}~]+)|(?:^|\\s+|[!""#$№%&\\\'()*+,\\-./:;<=>?@\\[\\]\\\\^_`{|}~]+)одеколону(?:$|\\s+|[!""#$№%&\\\'()*+,\\-./:;<=>?@\\[\\]\\\\^_`{|}~]+)|(?:^|\\s+|[!""#$№%&\\\'()*+,\\-./:;<=>?@\\[\\]\\\\^_`{|}~]+)одеколон(?:$|\\s+|[!""#$№%&\\\'()*+,\\-./:;<=>?@\\[\\]\\\\^_`{|}~]+))'}"
"{'token_text': 'зловоние', 'pattern': '(?:(?:^|\\s+|[!""#$№%&\\\'()*+,\\-./:;<=>?@\\[\\]\\\\^_`{|}~]+)зловоньями(?:$|\\s+|[!""#$№%&\\\'()*+,\\-./:;<=>?@\\[\\]\\\\^_`{|}~]+)|(?:^|\\s+|[!""#$№%&\\\'()*+,\\-./:;<=>?@\\[\\]\\\\^_`{|}~]+)зловониями(?:$|\\s+|[!""#$№%&\\\'()*+,\\-./:;<=>?@\\[\\]\\\\^_`{|}~]+)|(?:^|\\s+|[!""#$№%&\\\'()*+,\\-./:;<=>?@\\[\\]\\\\^_`{|}~]+)зловоньям(?:$|\\s+|[!""#$№%&\\\'()*+,\\-./:;<=>?@\\[\\]\\\\^_`{|}~]+)|(?:^|\\s+|[!""#$№%&\\\'()*+,\\-./:;<=>?@\\[\\]\\\\^_`{|}~]+)зловониям(?:$|\\s+|[!""#$№%&\\\'()*+,\\-./:;<=>?@\\[\\]\\\\^_`{|}~]+)|(?:^|\\s+|[!""#$№%&\\\'()*+,\\-./:;<=>?@\\[\\]\\\\^_`{|}~]+)зловоньях(?:$|\\s+|[!""#$№%&\\\'()*+,\\-./:;<=>?@\\[\\]\\\\^_`{|}~]+)|(?:^|\\s+|[!""#$№%&\\\'()*+,\\-./:;<=>?@\\[\\]\\\\^_`{|}~]+)зловониях(?:$|\\s+|[!""#$№%&\\\'()*+,\\-./:;<=>?@\\[\\]\\\\^_`{|}~]+)|(?:^|\\s+|[!""#$№%&\\\'()*+,\\-./:;<=>?@\\[\\]\\\\^_`{|}~]+)зловонием(?:$|\\s+|[!""#$№%&\\\'()*+,\\-./:;<=>?@\\[\\]\\\\^_`{|}~]+)|(?:^|\\s+|[!""#$№%&\\\'()*+,\\-./:;<=>?@\\[\\]\\\\^_`{|}~]+)зловоньем(?:$|\\s+|[!""#$№%&\\\'()*+,\\-./:;<=>?@\\[\\]\\\\^_`{|}~]+)|(?:^|\\s+|[!""#$№%&\\\'()*+,\\-./:;<=>?@\\[\\]\\\\^_`{|}~]+)зловоние(?:$|\\s+|[!""#$№%&\\\'()*+,\\-./:;<=>?@\\[\\]\\\\^_`{|}~]+)|(?:^|\\s+|[!""#$№%&\\\'()*+,\\-./:;<=>?@\\[\\]\\\\^_`{|}~]+)зловонии(?:$|\\s+|[!""#$№%&\\\'()*+,\\-./:;<=>?@\\[\\]\\\\^_`{|}~]+)|(?:^|\\s+|[!""#$№%&\\\'()*+,\\-./:;<=>?@\\[\\]\\\\^_`{|}~]+)зловоньи(?:$|\\s+|[!""#$№%&\\\'()*+,\\-./:;<=>?@\\[\\]\\\\^_`{|}~]+)|(?:^|\\s+|[!""#$№%&\\\'()*+,\\-./:;<=>?@\\[\\]\\\\^_`{|}~]+)зловонье(?:$|\\s+|[!""#$№%&\\\'()*+,\\-./:;<=>?@\\[\\]\\\\^_`{|}~]+)|(?:^|\\s+|[!""#$№%&\\\'()*+,\\-./:;<=>?@\\[\\]\\\\^_`{|}~]+)зловоний(?:$|\\s+|[!""#$№%&\\\'()*+,\\-./:;<=>?@\\[\\]\\\\^_`{|}~]+)|(?:^|\\s+|[!""#$№%&\\\'()*+,\\-./:;<=>?@\\[\\]\\\\^_`{|}~]+)зловонию(?:$|\\s+|[!""#$№%&\\\'()*+,\\-./:;<=>?@\\[\\]\\\\^_`{|}~]+)|(?:^|\\s+|[!""#$№%&\\\'()*+,\\-./:;<=>?@\\[\\]\\\\^_`{|}~]+)зловония(?:$|\\s+|[!""#$№%&\\\'()*+,\\-./:;<=>?@\\[\\]\\\\^_`{|}~]+)|(?:^|\\s+|[!""#$№%&\\\'()*+,\\-./:;<=>?@\\[\\]\\\\^_`{|}~]+)зловонья(?:$|\\s+|[!""#$№%&\\\'()*+,\\-./:;<=>?@\\[\\]\\\\^_`{|}~]+)|(?:^|\\s+|[!""#$№%&\\\'()*+,\\-./:;<=>?@\\[\\]\\\\^_`{|}~]+)зловонью(?:$|\\s+|[!""#$№%&\\\'()*+,\\-./:;<=>?@\\[\\]\\\\^_`{|}~]+))'}"
"{'token_text': 'пропахнуть', 'pattern': '(?:(?:^|\\s+|[!""#$№%&\\\'()*+,\\-./:;<=>?@\\[\\]\\\\^_`{|}~]+)пропахнемте(?:$|\\s+|[!""#$№%&\\\'()*+,\\-./:;<=>?@\\[\\]\\\\^_`{|}~]+)|(?:^|\\s+|[!""#$№%&\\\'()*+,\\-./:;<=>?@\\[\\]\\\\^_`{|}~]+)пропахнуть(?:$|\\s+|[!""#$№%&\\\'()*+,\\-./:;<=>?@\\[\\]\\\\^_`{|}~]+)|(?:^|\\s+|[!""#$№%&\\\'()*+,\\-./:;<=>?@\\[\\]\\\\^_`{|}~]+)пропахнете(?:$|\\s+|[!""#$№%&\\\'()*+,\\-./:;<=>?@\\[\\]\\\\^_`{|}~]+)|(?:^|\\s+|[!""#$№%&\\\'()*+,\\-./:;<=>?@\\[\\]\\\\^_`{|}~]+)пропахнешь(?:$|\\s+|[!""#$№%&\\\'()*+,\\-./:;<=>?@\\[\\]\\\\^_`{|}~]+)|(?:^|\\s+|[!""#$№%&\\\'()*+,\\-./:;<=>?@\\[\\]\\\\^_`{|}~]+)пропахните(?:$|\\s+|[!""#$№%&\\\'()*+,\\-./:;<=>?@\\[\\]\\\\^_`{|}~]+)|(?:^|\\s+|[!""#$№%&\\\'()*+,\\-./:;<=>?@\\[\\]\\\\^_`{|}~]+)пропахнет(?:$|\\s+|[!""#$№%&\\\'()*+,\\-./:;<=>?@\\[\\]\\\\^_`{|}~]+)|(?:^|\\s+|[!""#$№%&\\\'()*+,\\-./:;<=>?@\\[\\]\\\\^_`{|}~]+)пропахнут(?:$|\\s+|[!""#$№%&\\\'()*+,\\-./:;<=>?@\\[\\]\\\\^_`{|}~]+)|(?:^|\\s+|[!""#$№%&\\\'()*+,\\-./:;<=>?@\\[\\]\\\\^_`{|}~]+)пропахнем(?:$|\\s+|[!""#$№%&\\\'()*+,\\-./:;<=>?@\\[\\]\\\\^_`{|}~]+)|(?:^|\\s+|[!""#$№%&\\\'()*+,\\-./:;<=>?@\\[\\]\\\\^_`{|}~]+)пропахни(?:$|\\s+|[!""#$№%&\\\'()*+,\\-./:;<=>?@\\[\\]\\\\^_`{|}~]+)|(?:^|\\s+|[!""#$№%&\\\'()*+,\\-./:;<=>?@\\[\\]\\\\^_`{|}~]+)пропахну(?:$|\\s+|[!""#$№%&\\\'()*+,\\-./:;<=>?@\\[\\]\\\\^_`{|}~]+)|(?:^|\\s+|[!""#$№%&\\\'()*+,\\-./:;<=>?@\\[\\]\\\\^_`{|}~]+)пропахло(?:$|\\s+|[!""#$№%&\\\'()*+,\\-./:;<=>?@\\[\\]\\\\^_`{|}~]+)|(?:^|\\s+|[!""#$№%&\\\'()*+,\\-./:;<=>?@\\[\\]\\\\^_`{|}~]+)пропахли(?:$|\\s+|[!""#$№%&\\\'()*+,\\-./:;<=>?@\\[\\]\\\\^_`{|}~]+)|(?:^|\\s+|[!""#$№%&\\\'()*+,\\-./:;<=>?@\\[\\]\\\\^_`{|}~]+)пропахла(?:$|\\s+|[!""#$№%&\\\'()*+,\\-./:;<=>?@\\[\\]\\\\^_`{|}~]+)|(?:^|\\s+|[!""#$№%&\\\'()*+,\\-./:;<=>?@\\[\\]\\\\^_`{|}~]+)пропах(?:$|\\s+|[!""#$№%&\\\'()*+,\\-./:;<=>?@\\[\\]\\\\^_`{|}~]+))'}"
"{'token_text': 'отдушка', 'pattern': '(?:(?:^|\\s+|[!""#$№%&\\\'()*+,\\-./:;<=>?@\\[\\]\\\\^_`{|}~]+)отдушками(?:$|\\s+|[!""#$№%&\\\'()*+,\\-./:;<=>?@\\[\\]\\\\^_`{|}~]+)|(?:^|\\s+|[!""#$№%&\\\'()*+,\\-./:;<=>?@\\[\\]\\\\^_`{|}~]+)отдушкам(?:$|\\s+|[!""#$№%&\\\'()*+,\\-./:;<=>?@\\[\\]\\\\^_`{|}~]+)|(?:^|\\s+|[!""#$№%&\\\'()*+,\\-./:;<=>?@\\[\\]\\\\^_`{|}~]+)отдушках(?:$|\\s+|[!""#$№%&\\\'()*+,\\-./:;<=>?@\\[\\]\\\\^_`{|}~]+)|(?:^|\\s+|[!""#$№%&\\\'()*+,\\-./:;<=>?@\\[\\]\\\\^_`{|}~]+)отдушкой(?:$|\\s+|[!""#$№%&\\\'()*+,\\-./:;<=>?@\\[\\]\\\\^_`{|}~]+)|(?:^|\\s+|[!""#$№%&\\\'()*+,\\-./:;<=>?@\\[\\]\\\\^_`{|}~]+)отдушкою(?:$|\\s+|[!""#$№%&\\\'()*+,\\-./:;<=>?@\\[\\]\\\\^_`{|}~]+)|(?:^|\\s+|[!""#$№%&\\\'()*+,\\-./:;<=>?@\\[\\]\\\\^_`{|}~]+)отдушке(?:$|\\s+|[!""#$№%&\\\'()*+,\\-./:;<=>?@\\[\\]\\\\^_`{|}~]+)|(?:^|\\s+|[!""#$№%&\\\'()*+,\\-./:;<=>?@\\[\\]\\\\^_`{|}~]+)отдушки(?:$|\\s+|[!""#$№%&\\\'()*+,\\-./:;<=>?@\\[\\]\\\\^_`{|}~]+)|(?:^|\\s+|[!""#$№%&\\\'()*+,\\-./:;<=>?@\\[\\]\\\\^_`{|}~]+)отдушек(?:$|\\s+|[!""#$№%&\\\'()*+,\\-./:;<=>?@\\[\\]\\\\^_`{|}~]+)|(?:^|\\s+|[!""#$№%&\\\'()*+,\\-./:;<=>?@\\[\\]\\\\^_`{|}~]+)отдушка(?:$|\\s+|[!""#$№%&\\\'()*+,\\-./:;<=>?@\\[\\]\\\\^_`{|}~]+)|(?:^|\\s+|[!""#$№%&\\\'()*+,\\-./:;<=>?@\\[\\]\\\\^_`{|}~]+)отдушку(?:$|\\s+|[!""#$№%&\\\'()*+,\\-./:;<=>?@\\[\\]\\\\^_`{|}~]+))'}"
"{'token_text': 'чадить', 'pattern': '(?:(?:^|\\s+|[!""#$№%&\\\'()*+,\\-./:;<=>?@\\[\\]\\\\^_`{|}~]+)чадите(?:$|\\s+|[!""#$№%&\\\'()*+,\\-./:;<=>?@\\[\\]\\\\^_`{|}~]+)|(?:^|\\s+|[!""#$№%&\\\'()*+,\\-./:;<=>?@\\[\\]\\\\^_`{|}~]+)чадили(?:$|\\s+|[!""#$№%&\\\'()*+,\\-./:;<=>?@\\[\\]\\\\^_`{|}~]+)|(?:^|\\s+|[!""#$№%&\\\'()*+,\\-./:;<=>?@\\[\\]\\\\^_`{|}~]+)чадишь(?:$|\\s+|[!""#$№%&\\\'()*+,\\-./:;<=>?@\\[\\]\\\\^_`{|}~]+)|(?:^|\\s+|[!""#$№%&\\\'()*+,\\-./:;<=>?@\\[\\]\\\\^_`{|}~]+)чадить(?:$|\\s+|[!""#$№%&\\\'()*+,\\-./:;<=>?@\\[\\]\\\\^_`{|}~]+)|(?:^|\\s+|[!""#$№%&\\\'()*+,\\-./:;<=>?@\\[\\]\\\\^_`{|}~]+)чадила(?:$|\\s+|[!""#$№%&\\\'()*+,\\-./:;<=>?@\\[\\]\\\\^_`{|}~]+)|(?:^|\\s+|[!""#$№%&\\\'()*+,\\-./:;<=>?@\\[\\]\\\\^_`{|}~]+)чадило(?:$|\\s+|[!""#$№%&\\\'()*+,\\-./:;<=>?@\\[\\]\\\\^_`{|}~]+)|(?:^|\\s+|[!""#$№%&\\\'()*+,\\-./:;<=>?@\\[\\]\\\\^_`{|}~]+)чадим(?:$|\\s+|[!""#$№%&\\\'()*+,\\-./:;<=>?@\\[\\]\\\\^_`{|}~]+)|(?:^|\\s+|[!""#$№%&\\\'()*+,\\-./:;<=>?@\\[\\]\\\\^_`{|}~]+)чадит(?:$|\\s+|[!""#$№%&\\\'()*+,\\-./:;<=>?@\\[\\]\\\\^_`{|}~]+)|(?:^|\\s+|[!""#$№%&\\\'()*+,\\-./:;<=>?@\\[\\]\\\\^_`{|}~]+)чадят(?:$|\\s+|[!""#$№%&\\\'()*+,\\-./:;<=>?@\\[\\]\\\\^_`{|}~]+)|(?:^|\\s+|[!""#$№%&\\\'()*+,\\-./:;<=>?@\\[\\]\\\\^_`{|}~]+)чадил(?:$|\\s+|[!""#$№%&\\\'()*+,\\-./:;<=>?@\\[\\]\\\\^_`{|}~]+)|(?:^|\\s+|[!""#$№%&\\\'()*+,\\-./:;<=>?@\\[\\]\\\\^_`{|}~]+)чади(?:$|\\s+|[!""#$№%&\\\'()*+,\\-./:;<=>?@\\[\\]\\\\^_`{|}~]+)|(?:^|\\s+|[!""#$№%&\\\'()*+,\\-./:;<=>?@\\[\\]\\\\^_`{|}~]+)чажу(?:$|\\s+|[!""#$№%&\\\'()*+,\\-./:;<=>?@\\[\\]\\\\^_`{|}~]+))'}"
"{'token_text': 'веять', 'pattern': '(?:(?:^|\\s+|[!""#$№%&\\\'()*+,\\-./:;<=>?@\\[\\]\\\\^_`{|}~]+)веяло(?:$|\\s+|[!""#$№%&\\\'()*+,\\-./:;<=>?@\\[\\]\\\\^_`{|}~]+)|(?:^|\\s+|[!""#$№%&\\\'()*+,\\-./:;<=>?@\\[\\]\\\\^_`{|}~]+)веять(?:$|\\s+|[!""#$№%&\\\'()*+,\\-./:;<=>?@\\[\\]\\\\^_`{|}~]+)|(?:^|\\s+|[!""#$№%&\\\'()*+,\\-./:;<=>?@\\[\\]\\\\^_`{|}~]+)вейте(?:$|\\s+|[!""#$№%&\\\'()*+,\\-./:;<=>?@\\[\\]\\\\^_`{|}~]+)|(?:^|\\s+|[!""#$№%&\\\'()*+,\\-./:;<=>?@\\[\\]\\\\^_`{|}~]+)веяли(?:$|\\s+|[!""#$№%&\\\'()*+,\\-./:;<=>?@\\[\\]\\\\^_`{|}~]+)|(?:^|\\s+|[!""#$№%&\\\'()*+,\\-./:;<=>?@\\[\\]\\\\^_`{|}~]+)веешь(?:$|\\s+|[!""#$№%&\\\'()*+,\\-./:;<=>?@\\[\\]\\\\^_`{|}~]+)|(?:^|\\s+|[!""#$№%&\\\'()*+,\\-./:;<=>?@\\[\\]\\\\^_`{|}~]+)веете(?:$|\\s+|[!""#$№%&\\\'()*+,\\-./:;<=>?@\\[\\]\\\\^_`{|}~]+)|(?:^|\\s+|[!""#$№%&\\\'()*+,\\-./:;<=>?@\\[\\]\\\\^_`{|}~]+)веяла(?:$|\\s+|[!""#$№%&\\\'()*+,\\-./:;<=>?@\\[\\]\\\\^_`{|}~]+)|(?:^|\\s+|[!""#$№%&\\\'()*+,\\-./:;<=>?@\\[\\]\\\\^_`{|}~]+)веют(?:$|\\s+|[!""#$№%&\\\'()*+,\\-./:;<=>?@\\[\\]\\\\^_`{|}~]+)|(?:^|\\s+|[!""#$№%&\\\'()*+,\\-./:;<=>?@\\[\\]\\\\^_`{|}~]+)веял(?:$|\\s+|[!""#$№%&\\\'()*+,\\-./:;<=>?@\\[\\]\\\\^_`{|}~]+)|(?:^|\\s+|[!""#$№%&\\\'()*+,\\-./:;<=>?@\\[\\]\\\\^_`{|}~]+)веет(?:$|\\s+|[!""#$№%&\\\'()*+,\\-./:;<=>?@\\[\\]\\\\^_`{|}~]+)|(?:^|\\s+|[!""#$№%&\\\'()*+,\\-./:;<=>?@\\[\\]\\\\^_`{|}~]+)веем(?:$|\\s+|[!""#$№%&\\\'()*+,\\-./:;<=>?@\\[\\]\\\\^_`{|}~]+)|(?:^|\\s+|[!""#$№%&\\\'()*+,\\-./:;<=>?@\\[\\]\\\\^_`{|}~]+)вею(?:$|\\s+|[!""#$№%&\\\'()*+,\\-./:;<=>?@\\[\\]\\\\^_`{|}~]+)|(?:^|\\s+|[!""#$№%&\\\'()*+,\\-./:;<=>?@\\[\\]\\\\^_`{|}~]+)вей(?:$|\\s+|[!""#$№%&\\\'()*+,\\-./:;<=>?@\\[\\]\\\\^_`{|}~]+))'}"
"{'token_text': 'дегтярный', 'pattern': '(?:(?:^|\\s+|[!""#$№%&\\\'()*+,\\-./:;<=>?@\\[\\]\\\\^_`{|}~]+)дегтярному(?:$|\\s+|[!""#$№%&\\\'()*+,\\-./:;<=>?@\\[\\]\\\\^_`{|}~]+)|(?:^|\\s+|[!""#$№%&\\\'()*+,\\-./:;<=>?@\\[\\]\\\\^_`{|}~]+)дегтярного(?:$|\\s+|[!""#$№%&\\\'()*+,\\-./:;<=>?@\\[\\]\\\\^_`{|}~]+)|(?:^|\\s+|[!""#$№%&\\\'()*+,\\-./:;<=>?@\\[\\]\\\\^_`{|}~]+)дегтярными(?:$|\\s+|[!""#$№%&\\\'()*+,\\-./:;<=>?@\\[\\]\\\\^_`{|}~]+)|(?:^|\\s+|[!""#$№%&\\\'()*+,\\-./:;<=>?@\\[\\]\\\\^_`{|}~]+)дегтярные(?:$|\\s+|[!""#$№%&\\\'()*+,\\-./:;<=>?@\\[\\]\\\\^_`{|}~]+)|(?:^|\\s+|[!""#$№%&\\\'()*+,\\-./:;<=>?@\\[\\]\\\\^_`{|}~]+)дегтярною(?:$|\\s+|[!""#$№%&\\\'()*+,\\-./:;<=>?@\\[\\]\\\\^_`{|}~]+)|(?:^|\\s+|[!""#$№%&\\\'()*+,\\-./:;<=>?@\\[\\]\\\\^_`{|}~]+)дегтярный(?:$|\\s+|[!""#$№%&\\\'()*+,\\-./:;<=>?@\\[\\]\\\\^_`{|}~]+)|(?:^|\\s+|[!""#$№%&\\\'()*+,\\-./:;<=>?@\\[\\]\\\\^_`{|}~]+)дегтярное(?:$|\\s+|[!""#$№%&\\\'()*+,\\-./:;<=>?@\\[\\]\\\\^_`{|}~]+)|(?:^|\\s+|[!""#$№%&\\\'()*+,\\-./:;<=>?@\\[\\]\\\\^_`{|}~]+)дегтярной(?:$|\\s+|[!""#$№%&\\\'()*+,\\-./:;<=>?@\\[\\]\\\\^_`{|}~]+)|(?:^|\\s+|[!""#$№%&\\\'()*+,\\-./:;<=>?@\\[\\]\\\\^_`{|}~]+)дегтярных(?:$|\\s+|[!""#$№%&\\\'()*+,\\-./:;<=>?@\\[\\]\\\\^_`{|}~]+)|(?:^|\\s+|[!""#$№%&\\\'()*+,\\-./:;<=>?@\\[\\]\\\\^_`{|}~]+)дегтярную(?:$|\\s+|[!""#$№%&\\\'()*+,\\-./:;<=>?@\\[\\]\\\\^_`{|}~]+)|(?:^|\\s+|[!""#$№%&\\\'()*+,\\-./:;<=>?@\\[\\]\\\\^_`{|}~]+)дегтярным(?:$|\\s+|[!""#$№%&\\\'()*+,\\-./:;<=>?@\\[\\]\\\\^_`{|}~]+)|(?:^|\\s+|[!""#$№%&\\\'()*+,\\-./:;<=>?@\\[\\]\\\\^_`{|}~]+)дегтярном(?:$|\\s+|[!""#$№%&\\\'()*+,\\-./:;<=>?@\\[\\]\\\\^_`{|}~]+)|(?:^|\\s+|[!""#$№%&\\\'()*+,\\-./:;<=>?@\\[\\]\\\\^_`{|}~]+)дегтярная(?:$|\\s+|[!""#$№%&\\\'()*+,\\-./:;<=>?@\\[\\]\\\\^_`{|}~]+))'}"
"{'token_text': 'источать', 'pattern': '(?:(?:^|\\s+|[!""#$№%&\\\'()*+,\\-./:;<=>?@\\[\\]\\\\^_`{|}~]+)источаете(?:$|\\s+|[!""#$№%&\\\'()*+,\\-./:;<=>?@\\[\\]\\\\^_`{|}~]+)|(?:^|\\s+|[!""#$№%&\\\'()*+,\\-./:;<=>?@\\[\\]\\\\^_`{|}~]+)источайте(?:$|\\s+|[!""#$№%&\\\'()*+,\\-./:;<=>?@\\[\\]\\\\^_`{|}~]+)|(?:^|\\s+|[!""#$№%&\\\'()*+,\\-./:;<=>?@\\[\\]\\\\^_`{|}~]+)источаешь(?:$|\\s+|[!""#$№%&\\\'()*+,\\-./:;<=>?@\\[\\]\\\\^_`{|}~]+)|(?:^|\\s+|[!""#$№%&\\\'()*+,\\-./:;<=>?@\\[\\]\\\\^_`{|}~]+)источает(?:$|\\s+|[!""#$№%&\\\'()*+,\\-./:;<=>?@\\[\\]\\\\^_`{|}~]+)|(?:^|\\s+|[!""#$№%&\\\'()*+,\\-./:;<=>?@\\[\\]\\\\^_`{|}~]+)источала(?:$|\\s+|[!""#$№%&\\\'()*+,\\-./:;<=>?@\\[\\]\\\\^_`{|}~]+)|(?:^|\\s+|[!""#$№%&\\\'()*+,\\-./:;<=>?@\\[\\]\\\\^_`{|}~]+)источали(?:$|\\s+|[!""#$№%&\\\'()*+,\\-./:;<=>?@\\[\\]\\\\^_`{|}~]+)|(?:^|\\s+|[!""#$№%&\\\'()*+,\\-./:;<=>?@\\[\\]\\\\^_`{|}~]+)источать(?:$|\\s+|[!""#$№%&\\\'()*+,\\-./:;<=>?@\\[\\]\\\\^_`{|}~]+)|(?:^|\\s+|[!""#$№%&\\\'()*+,\\-./:;<=>?@\\[\\]\\\\^_`{|}~]+)источаем(?:$|\\s+|[!""#$№%&\\\'()*+,\\-./:;<=>?@\\[\\]\\\\^_`{|}~]+)|(?:^|\\s+|[!""#$№%&\\\'()*+,\\-./:;<=>?@\\[\\]\\\\^_`{|}~]+)источают(?:$|\\s+|[!""#$№%&\\\'()*+,\\-./:;<=>?@\\[\\]\\\\^_`{|}~]+)|(?:^|\\s+|[!""#$№%&\\\'()*+,\\-./:;<=>?@\\[\\]\\\\^_`{|}~]+)источало(?:$|\\s+|[!""#$№%&\\\'()*+,\\-./:;<=>?@\\[\\]\\\\^_`{|}~]+)|(?:^|\\s+|[!""#$№%&\\\'()*+,\\-./:;<=>?@\\[\\]\\\\^_`{|}~]+)источаю(?:$|\\s+|[!""#$№%&\\\'()*+,\\-./:;<=>?@\\[\\]\\\\^_`{|}~]+)|(?:^|\\s+|[!""#$№%&\\\'()*+,\\-./:;<=>?@\\[\\]\\\\^_`{|}~]+)источай(?:$|\\s+|[!""#$№%&\\\'()*+,\\-./:;<=>?@\\[\\]\\\\^_`{|}~]+)|(?:^|\\s+|[!""#$№%&\\\'()*+,\\-./:;<=>?@\\[\\]\\\\^_`{|}~]+)источал(?:$|\\s+|[!""#$№%&\\\'()*+,\\-./:;<=>?@\\[\\]\\\\^_`{|}~]+))'}"
"{'token_text': 'дымить', 'pattern': '(?:(?:^|\\s+|[!""#$№%&\\\'()*+,\\-./:;<=>?@\\[\\]\\\\^_`{|}~]+)дымишь(?:$|\\s+|[!""#$№%&\\\'()*+,\\-./:;<=>?@\\[\\]\\\\^_`{|}~]+)|(?:^|\\s+|[!""#$№%&\\\'()*+,\\-./:;<=>?@\\[\\]\\\\^_`{|}~]+)дымила(?:$|\\s+|[!""#$№%&\\\'()*+,\\-./:;<=>?@\\[\\]\\\\^_`{|}~]+)|(?:^|\\s+|[!""#$№%&\\\'()*+,\\-./:;<=>?@\\[\\]\\\\^_`{|}~]+)дымили(?:$|\\s+|[!""#$№%&\\\'()*+,\\-./:;<=>?@\\[\\]\\\\^_`{|}~]+)|(?:^|\\s+|[!""#$№%&\\\'()*+,\\-./:;<=>?@\\[\\]\\\\^_`{|}~]+)дымило(?:$|\\s+|[!""#$№%&\\\'()*+,\\-./:;<=>?@\\[\\]\\\\^_`{|}~]+)|(?:^|\\s+|[!""#$№%&\\\'()*+,\\-./:;<=>?@\\[\\]\\\\^_`{|}~]+)дымите(?:$|\\s+|[!""#$№%&\\\'()*+,\\-./:;<=>?@\\[\\]\\\\^_`{|}~]+)|(?:^|\\s+|[!""#$№%&\\\'()*+,\\-./:;<=>?@\\[\\]\\\\^_`{|}~]+)дымить(?:$|\\s+|[!""#$№%&\\\'()*+,\\-./:;<=>?@\\[\\]\\\\^_`{|}~]+)|(?:^|\\s+|[!""#$№%&\\\'()*+,\\-./:;<=>?@\\[\\]\\\\^_`{|}~]+)дымим(?:$|\\s+|[!""#$№%&\\\'()*+,\\-./:;<=>?@\\[\\]\\\\^_`{|}~]+)|(?:^|\\s+|[!""#$№%&\\\'()*+,\\-./:;<=>?@\\[\\]\\\\^_`{|}~]+)дымит(?:$|\\s+|[!""#$№%&\\\'()*+,\\-./:;<=>?@\\[\\]\\\\^_`{|}~]+)|(?:^|\\s+|[!""#$№%&\\\'()*+,\\-./:;<=>?@\\[\\]\\\\^_`{|}~]+)дымил(?:$|\\s+|[!""#$№%&\\\'()*+,\\-./:;<=>?@\\[\\]\\\\^_`{|}~]+)|(?:^|\\s+|[!""#$№%&\\\'()*+,\\-./:;<=>?@\\[\\]\\\\^_`{|}~]+)дымят(?:$|\\s+|[!""#$№%&\\\'()*+,\\-./:;<=>?@\\[\\]\\\\^_`{|}~]+)|(?:^|\\s+|[!""#$№%&\\\'()*+,\\-./:;<=>?@\\[\\]\\\\^_`{|}~]+)дымлю(?:$|\\s+|[!""#$№%&\\\'()*+,\\-./:;<=>?@\\[\\]\\\\^_`{|}~]+)|(?:^|\\s+|[!""#$№%&\\\'()*+,\\-./:;<=>?@\\[\\]\\\\^_`{|}~]+)дыми(?:$|\\s+|[!""#$№%&\\\'()*+,\\-./:;<=>?@\\[\\]\\\\^_`{|}~]+))'}"
"{'token_text': 'нюхать', 'pattern': '(?:(?:^|\\s+|[!""#$№%&\\\'()*+,\\-./:;<=>?@\\[\\]\\\\^_`{|}~]+)нюхайте(?:$|\\s+|[!""#$№%&\\\'()*+,\\-./:;<=>?@\\[\\]\\\\^_`{|}~]+)|(?:^|\\s+|[!""#$№%&\\\'()*+,\\-./:;<=>?@\\[\\]\\\\^_`{|}~]+)нюхаешь(?:$|\\s+|[!""#$№%&\\\'()*+,\\-./:;<=>?@\\[\\]\\\\^_`{|}~]+)|(?:^|\\s+|[!""#$№%&\\\'()*+,\\-./:;<=>?@\\[\\]\\\\^_`{|}~]+)нюхаете(?:$|\\s+|[!""#$№%&\\\'()*+,\\-./:;<=>?@\\[\\]\\\\^_`{|}~]+)|(?:^|\\s+|[!""#$№%&\\\'()*+,\\-./:;<=>?@\\[\\]\\\\^_`{|}~]+)нюхали(?:$|\\s+|[!""#$№%&\\\'()*+,\\-./:;<=>?@\\[\\]\\\\^_`{|}~]+)|(?:^|\\s+|[!""#$№%&\\\'()*+,\\-./:;<=>?@\\[\\]\\\\^_`{|}~]+)нюхало(?:$|\\s+|[!""#$№%&\\\'()*+,\\-./:;<=>?@\\[\\]\\\\^_`{|}~]+)|(?:^|\\s+|[!""#$№%&\\\'()*+,\\-./:;<=>?@\\[\\]\\\\^_`{|}~]+)нюхают(?:$|\\s+|[!""#$№%&\\\'()*+,\\-./:;<=>?@\\[\\]\\\\^_`{|}~]+)|(?:^|\\s+|[!""#$№%&\\\'()*+,\\-./:;<=>?@\\[\\]\\\\^_`{|}~]+)нюхает(?:$|\\s+|[!""#$№%&\\\'()*+,\\-./:;<=>?@\\[\\]\\\\^_`{|}~]+)|(?:^|\\s+|[!""#$№%&\\\'()*+,\\-./:;<=>?@\\[\\]\\\\^_`{|}~]+)нюхала(?:$|\\s+|[!""#$№%&\\\'()*+,\\-./:;<=>?@\\[\\]\\\\^_`{|}~]+)|(?:^|\\s+|[!""#$№%&\\\'()*+,\\-./:;<=>?@\\[\\]\\\\^_`{|}~]+)нюхаем(?:$|\\s+|[!""#$№%&\\\'()*+,\\-./:;<=>?@\\[\\]\\\\^_`{|}~]+)|(?:^|\\s+|[!""#$№%&\\\'()*+,\\-./:;<=>?@\\[\\]\\\\^_`{|}~]+)нюхать(?:$|\\s+|[!""#$№%&\\\'()*+,\\-./:;<=>?@\\[\\]\\\\^_`{|}~]+)|(?:^|\\s+|[!""#$№%&\\\'()*+,\\-./:;<=>?@\\[\\]\\\\^_`{|}~]+)нюхал(?:$|\\s+|[!""#$№%&\\\'()*+,\\-./:;<=>?@\\[\\]\\\\^_`{|}~]+)|(?:^|\\s+|[!""#$№%&\\\'()*+,\\-./:;<=>?@\\[\\]\\\\^_`{|}~]+)нюхай(?:$|\\s+|[!""#$№%&\\\'()*+,\\-./:;<=>?@\\[\\]\\\\^_`{|}~]+)|(?:^|\\s+|[!""#$№%&\\\'()*+,\\-./:;<=>?@\\[\\]\\\\^_`{|}~]+)нюхаю(?:$|\\s+|[!""#$№%&\\\'()*+,\\-./:;<=>?@\\[\\]\\\\^_`{|}~]+))'}"
"{'token_text': 'ароматизированный', 'pattern': '(?:(?:^|\\s+|[!""#$№%&\\\'()*+,\\-./:;<=>?@\\[\\]\\\\^_`{|}~]+)ароматизированного(?:$|\\s+|[!""#$№%&\\\'()*+,\\-./:;<=>?@\\[\\]\\\\^_`{|}~]+)|(?:^|\\s+|[!""#$№%&\\\'()*+,\\-./:;<=>?@\\[\\]\\\\^_`{|}~]+)ароматизированными(?:$|\\s+|[!""#$№%&\\\'()*+,\\-./:;<=>?@\\[\\]\\\\^_`{|}~]+)|(?:^|\\s+|[!""#$№%&\\\'()*+,\\-./:;<=>?@\\[\\]\\\\^_`{|}~]+)ароматизированному(?:$|\\s+|[!""#$№%&\\\'()*+,\\-./:;<=>?@\\[\\]\\\\^_`{|}~]+)|(?:^|\\s+|[!""#$№%&\\\'()*+,\\-./:;<=>?@\\[\\]\\\\^_`{|}~]+)ароматизированных(?:$|\\s+|[!""#$№%&\\\'()*+,\\-./:;<=>?@\\[\\]\\\\^_`{|}~]+)|(?:^|\\s+|[!""#$№%&\\\'()*+,\\-./:;<=>?@\\[\\]\\\\^_`{|}~]+)ароматизированным(?:$|\\s+|[!""#$№%&\\\'()*+,\\-./:;<=>?@\\[\\]\\\\^_`{|}~]+)|(?:^|\\s+|[!""#$№%&\\\'()*+,\\-./:;<=>?@\\[\\]\\\\^_`{|}~]+)ароматизированном(?:$|\\s+|[!""#$№%&\\\'()*+,\\-./:;<=>?@\\[\\]\\\\^_`{|}~]+)|(?:^|\\s+|[!""#$№%&\\\'()*+,\\-./:;<=>?@\\[\\]\\\\^_`{|}~]+)ароматизированная(?:$|\\s+|[!""#$№%&\\\'()*+,\\-./:;<=>?@\\[\\]\\\\^_`{|}~]+)|(?:^|\\s+|[!""#$№%&\\\'()*+,\\-./:;<=>?@\\[\\]\\\\^_`{|}~]+)ароматизированной(?:$|\\s+|[!""#$№%&\\\'()*+,\\-./:;<=>?@\\[\\]\\\\^_`{|}~]+)|(?:^|\\s+|[!""#$№%&\\\'()*+,\\-./:;<=>?@\\[\\]\\\\^_`{|}~]+)ароматизированною(?:$|\\s+|[!""#$№%&\\\'()*+,\\-./:;<=>?@\\[\\]\\\\^_`{|}~]+)|(?:^|\\s+|[!""#$№%&\\\'()*+,\\-./:;<=>?@\\[\\]\\\\^_`{|}~]+)ароматизированное(?:$|\\s+|[!""#$№%&\\\'()*+,\\-./:;<=>?@\\[\\]\\\\^_`{|}~]+)|(?:^|\\s+|[!""#$№%&\\\'()*+,\\-./:;<=>?@\\[\\]\\\\^_`{|}~]+)ароматизированный(?:$|\\s+|[!""#$№%&\\\'()*+,\\-./:;<=>?@\\[\\]\\\\^_`{|}~]+)|(?:^|\\s+|[!""#$№%&\\\'()*+,\\-./:;<=>?@\\[\\]\\\\^_`{|}~]+)ароматизированные(?:$|\\s+|[!""#$№%&\\\'()*+,\\-./:;<=>?@\\[\\]\\\\^_`{|}~]+)|(?:^|\\s+|[!""#$№%&\\\'()*+,\\-./:;<=>?@\\[\\]\\\\^_`{|}~]+)ароматизированную(?:$|\\s+|[!""#$№%&\\\'()*+,\\-./:;<=>?@\\[\\]\\\\^_`{|}~]+))'}"
"{'token_text': 'амбра', 'pattern': '(?:(?:^|\\s+|[!""#$№%&\\\'()*+,\\-./:;<=>?@\\[\\]\\\\^_`{|}~]+)амбрами(?:$|\\s+|[!""#$№%&\\\'()*+,\\-./:;<=>?@\\[\\]\\\\^_`{|}~]+)|(?:^|\\s+|[!""#$№%&\\\'()*+,\\-./:;<=>?@\\[\\]\\\\^_`{|}~]+)амброй(?:$|\\s+|[!""#$№%&\\\'()*+,\\-./:;<=>?@\\[\\]\\\\^_`{|}~]+)|(?:^|\\s+|[!""#$№%&\\\'()*+,\\-./:;<=>?@\\[\\]\\\\^_`{|}~]+)амброю(?:$|\\s+|[!""#$№%&\\\'()*+,\\-./:;<=>?@\\[\\]\\\\^_`{|}~]+)|(?:^|\\s+|[!""#$№%&\\\'()*+,\\-./:;<=>?@\\[\\]\\\\^_`{|}~]+)амбрах(?:$|\\s+|[!""#$№%&\\\'()*+,\\-./:;<=>?@\\[\\]\\\\^_`{|}~]+)|(?:^|\\s+|[!""#$№%&\\\'()*+,\\-./:;<=>?@\\[\\]\\\\^_`{|}~]+)амбрам(?:$|\\s+|[!""#$№%&\\\'()*+,\\-./:;<=>?@\\[\\]\\\\^_`{|}~]+)|(?:^|\\s+|[!""#$№%&\\\'()*+,\\-./:;<=>?@\\[\\]\\\\^_`{|}~]+)амбра(?:$|\\s+|[!""#$№%&\\\'()*+,\\-./:;<=>?@\\[\\]\\\\^_`{|}~]+)|(?:^|\\s+|[!""#$№%&\\\'()*+,\\-./:;<=>?@\\[\\]\\\\^_`{|}~]+)амбру(?:$|\\s+|[!""#$№%&\\\'()*+,\\-./:;<=>?@\\[\\]\\\\^_`{|}~]+)|(?:^|\\s+|[!""#$№%&\\\'()*+,\\-./:;<=>?@\\[\\]\\\\^_`{|}~]+)амбре(?:$|\\s+|[!""#$№%&\\\'()*+,\\-./:;<=>?@\\[\\]\\\\^_`{|}~]+)|(?:^|\\s+|[!""#$№%&\\\'()*+,\\-./:;<=>?@\\[\\]\\\\^_`{|}~]+)амбры(?:$|\\s+|[!""#$№%&\\\'()*+,\\-./:;<=>?@\\[\\]\\\\^_`{|}~]+)|(?:^|\\s+|[!""#$№%&\\\'()*+,\\-./:;<=>?@\\[\\]\\\\^_`{|}~]+)амбр(?:$|\\s+|[!""#$№%&\\\'()*+,\\-./:;<=>?@\\[\\]\\\\^_`{|}~]+))'}"
"{'token_text': 'смердеть', 'pattern': '(?:(?:^|\\s+|[!""#$№%&\\\'()*+,\\-./:;<=>?@\\[\\]\\\\^_`{|}~]+)смердеть(?:$|\\s+|[!""#$№%&\\\'()*+,\\-./:;<=>?@\\[\\]\\\\^_`{|}~]+)|(?:^|\\s+|[!""#$№%&\\\'()*+,\\-./:;<=>?@\\[\\]\\\\^_`{|}~]+)смердели(?:$|\\s+|[!""#$№%&\\\'()*+,\\-./:;<=>?@\\[\\]\\\\^_`{|}~]+)|(?:^|\\s+|[!""#$№%&\\\'()*+,\\-./:;<=>?@\\[\\]\\\\^_`{|}~]+)смердите(?:$|\\s+|[!""#$№%&\\\'()*+,\\-./:;<=>?@\\[\\]\\\\^_`{|}~]+)|(?:^|\\s+|[!""#$№%&\\\'()*+,\\-./:;<=>?@\\[\\]\\\\^_`{|}~]+)смердело(?:$|\\s+|[!""#$№%&\\\'()*+,\\-./:;<=>?@\\[\\]\\\\^_`{|}~]+)|(?:^|\\s+|[!""#$№%&\\\'()*+,\\-./:;<=>?@\\[\\]\\\\^_`{|}~]+)смердишь(?:$|\\s+|[!""#$№%&\\\'()*+,\\-./:;<=>?@\\[\\]\\\\^_`{|}~]+)|(?:^|\\s+|[!""#$№%&\\\'()*+,\\-./:;<=>?@\\[\\]\\\\^_`{|}~]+)смердела(?:$|\\s+|[!""#$№%&\\\'()*+,\\-./:;<=>?@\\[\\]\\\\^_`{|}~]+)|(?:^|\\s+|[!""#$№%&\\\'()*+,\\-./:;<=>?@\\[\\]\\\\^_`{|}~]+)смердел(?:$|\\s+|[!""#$№%&\\\'()*+,\\-./:;<=>?@\\[\\]\\\\^_`{|}~]+)|(?:^|\\s+|[!""#$№%&\\\'()*+,\\-./:;<=>?@\\[\\]\\\\^_`{|}~]+)смердит(?:$|\\s+|[!""#$№%&\\\'()*+,\\-./:;<=>?@\\[\\]\\\\^_`{|}~]+)|(?:^|\\s+|[!""#$№%&\\\'()*+,\\-./:;<=>?@\\[\\]\\\\^_`{|}~]+)смердим(?:$|\\s+|[!""#$№%&\\\'()*+,\\-./:;<=>?@\\[\\]\\\\^_`{|}~]+)|(?:^|\\s+|[!""#$№%&\\\'()*+,\\-./:;<=>?@\\[\\]\\\\^_`{|}~]+)смердят(?:$|\\s+|[!""#$№%&\\\'()*+,\\-./:;<=>?@\\[\\]\\\\^_`{|}~]+)|(?:^|\\s+|[!""#$№%&\\\'()*+,\\-./:;<=>?@\\[\\]\\\\^_`{|}~]+)смержу(?:$|\\s+|[!""#$№%&\\\'()*+,\\-./:;<=>?@\\[\\]\\\\^_`{|}~]+)|(?:^|\\s+|[!""#$№%&\\\'()*+,\\-./:;<=>?@\\[\\]\\\\^_`{|}~]+)смерди(?:$|\\s+|[!""#$№%&\\\'()*+,\\-./:;<=>?@\\[\\]\\\\^_`{|}~]+))'}"
"{'token_text': 'пот', 'pattern': '(?:(?:^|\\s+|[!""#$№%&\\\'()*+,\\-./:;<=>?@\\[\\]\\\\^_`{|}~]+)потами(?:$|\\s+|[!""#$№%&\\\'()*+,\\-./:;<=>?@\\[\\]\\\\^_`{|}~]+)|(?:^|\\s+|[!""#$№%&\\\'()*+,\\-./:;<=>?@\\[\\]\\\\^_`{|}~]+)потам(?:$|\\s+|[!""#$№%&\\\'()*+,\\-./:;<=>?@\\[\\]\\\\^_`{|}~]+)|(?:^|\\s+|[!""#$№%&\\\'()*+,\\-./:;<=>?@\\[\\]\\\\^_`{|}~]+)потов(?:$|\\s+|[!""#$№%&\\\'()*+,\\-./:;<=>?@\\[\\]\\\\^_`{|}~]+)|(?:^|\\s+|[!""#$№%&\\\'()*+,\\-./:;<=>?@\\[\\]\\\\^_`{|}~]+)потом(?:$|\\s+|[!""#$№%&\\\'()*+,\\-./:;<=>?@\\[\\]\\\\^_`{|}~]+)|(?:^|\\s+|[!""#$№%&\\\'()*+,\\-./:;<=>?@\\[\\]\\\\^_`{|}~]+)потах(?:$|\\s+|[!""#$№%&\\\'()*+,\\-./:;<=>?@\\[\\]\\\\^_`{|}~]+)|(?:^|\\s+|[!""#$№%&\\\'()*+,\\-./:;<=>?@\\[\\]\\\\^_`{|}~]+)поты(?:$|\\s+|[!""#$№%&\\\'()*+,\\-./:;<=>?@\\[\\]\\\\^_`{|}~]+)|(?:^|\\s+|[!""#$№%&\\\'()*+,\\-./:;<=>?@\\[\\]\\\\^_`{|}~]+)поту(?:$|\\s+|[!""#$№%&\\\'()*+,\\-./:;<=>?@\\[\\]\\\\^_`{|}~]+)|(?:^|\\s+|[!""#$№%&\\\'()*+,\\-./:;<=>?@\\[\\]\\\\^_`{|}~]+)поте(?:$|\\s+|[!""#$№%&\\\'()*+,\\-./:;<=>?@\\[\\]\\\\^_`{|}~]+)|(?:^|\\s+|[!""#$№%&\\\'()*+,\\-./:;<=>?@\\[\\]\\\\^_`{|}~]+)пота(?:$|\\s+|[!""#$№%&\\\'()*+,\\-./:;<=>?@\\[\\]\\\\^_`{|}~]+)|(?:^|\\s+|[!""#$№%&\\\'()*+,\\-./:;<=>?@\\[\\]\\\\^_`{|}~]+)пот(?:$|\\s+|[!""#$№%&\\\'()*+,\\-./:;<=>?@\\[\\]\\\\^_`{|}~]+))'}"
"{'token_text': 'пахучий', 'pattern': '(?:(?:^|\\s+|[!""#$№%&\\\'()*+,\\-./:;<=>?@\\[\\]\\\\^_`{|}~]+)пахучими(?:$|\\s+|[!""#$№%&\\\'()*+,\\-./:;<=>?@\\[\\]\\\\^_`{|}~]+)|(?:^|\\s+|[!""#$№%&\\\'()*+,\\-./:;<=>?@\\[\\]\\\\^_`{|}~]+)пахучему(?:$|\\s+|[!""#$№%&\\\'()*+,\\-./:;<=>?@\\[\\]\\\\^_`{|}~]+)|(?:^|\\s+|[!""#$№%&\\\'()*+,\\-./:;<=>?@\\[\\]\\\\^_`{|}~]+)пахучего(?:$|\\s+|[!""#$№%&\\\'()*+,\\-./:;<=>?@\\[\\]\\\\^_`{|}~]+)|(?:^|\\s+|[!""#$№%&\\\'()*+,\\-./:;<=>?@\\[\\]\\\\^_`{|}~]+)пахучем(?:$|\\s+|[!""#$№%&\\\'()*+,\\-./:;<=>?@\\[\\]\\\\^_`{|}~]+)|(?:^|\\s+|[!""#$№%&\\\'()*+,\\-./:;<=>?@\\[\\]\\\\^_`{|}~]+)пахучею(?:$|\\s+|[!""#$№%&\\\'()*+,\\-./:;<=>?@\\[\\]\\\\^_`{|}~]+)|(?:^|\\s+|[!""#$№%&\\\'()*+,\\-./:;<=>?@\\[\\]\\\\^_`{|}~]+)пахучая(?:$|\\s+|[!""#$№%&\\\'()*+,\\-./:;<=>?@\\[\\]\\\\^_`{|}~]+)|(?:^|\\s+|[!""#$№%&\\\'()*+,\\-./:;<=>?@\\[\\]\\\\^_`{|}~]+)пахучей(?:$|\\s+|[!""#$№%&\\\'()*+,\\-./:;<=>?@\\[\\]\\\\^_`{|}~]+)|(?:^|\\s+|[!""#$№%&\\\'()*+,\\-./:;<=>?@\\[\\]\\\\^_`{|}~]+)пахучий(?:$|\\s+|[!""#$№%&\\\'()*+,\\-./:;<=>?@\\[\\]\\\\^_`{|}~]+)|(?:^|\\s+|[!""#$№%&\\\'()*+,\\-./:;<=>?@\\[\\]\\\\^_`{|}~]+)пахучие(?:$|\\s+|[!""#$№%&\\\'()*+,\\-./:;<=>?@\\[\\]\\\\^_`{|}~]+)|(?:^|\\s+|[!""#$№%&\\\'()*+,\\-./:;<=>?@\\[\\]\\\\^_`{|}~]+)пахучее(?:$|\\s+|[!""#$№%&\\\'()*+,\\-./:;<=>?@\\[\\]\\\\^_`{|}~]+)|(?:^|\\s+|[!""#$№%&\\\'()*+,\\-./:;<=>?@\\[\\]\\\\^_`{|}~]+)пахучую(?:$|\\s+|[!""#$№%&\\\'()*+,\\-./:;<=>?@\\[\\]\\\\^_`{|}~]+)|(?:^|\\s+|[!""#$№%&\\\'()*+,\\-./:;<=>?@\\[\\]\\\\^_`{|}~]+)пахучих(?:$|\\s+|[!""#$№%&\\\'()*+,\\-./:;<=>?@\\[\\]\\\\^_`{|}~]+)|(?:^|\\s+|[!""#$№%&\\\'()*+,\\-./:;<=>?@\\[\\]\\\\^_`{|}~]+)пахучим(?:$|\\s+|[!""#$№%&\\\'()*+,\\-./:;<=>?@\\[\\]\\\\^_`{|}~]+))'}"
"{'token_text': 'пригарь', 'pattern': '(?:(?:^|\\s+|[!""#$№%&\\\'()*+,\\-./:;<=>?@\\[\\]\\\\^_`{|}~]+)пригарями(?:$|\\s+|[!""#$№%&\\\'()*+,\\-./:;<=>?@\\[\\]\\\\^_`{|}~]+)|(?:^|\\s+|[!""#$№%&\\\'()*+,\\-./:;<=>?@\\[\\]\\\\^_`{|}~]+)пригарей(?:$|\\s+|[!""#$№%&\\\'()*+,\\-./:;<=>?@\\[\\]\\\\^_`{|}~]+)|(?:^|\\s+|[!""#$№%&\\\'()*+,\\-./:;<=>?@\\[\\]\\\\^_`{|}~]+)пригарях(?:$|\\s+|[!""#$№%&\\\'()*+,\\-./:;<=>?@\\[\\]\\\\^_`{|}~]+)|(?:^|\\s+|[!""#$№%&\\\'()*+,\\-./:;<=>?@\\[\\]\\\\^_`{|}~]+)пригарью(?:$|\\s+|[!""#$№%&\\\'()*+,\\-./:;<=>?@\\[\\]\\\\^_`{|}~]+)|(?:^|\\s+|[!""#$№%&\\\'()*+,\\-./:;<=>?@\\[\\]\\\\^_`{|}~]+)пригарям(?:$|\\s+|[!""#$№%&\\\'()*+,\\-./:;<=>?@\\[\\]\\\\^_`{|}~]+)|(?:^|\\s+|[!""#$№%&\\\'()*+,\\-./:;<=>?@\\[\\]\\\\^_`{|}~]+)пригарь(?:$|\\s+|[!""#$№%&\\\'()*+,\\-./:;<=>?@\\[\\]\\\\^_`{|}~]+)|(?:^|\\s+|[!""#$№%&\\\'()*+,\\-./:;<=>?@\\[\\]\\\\^_`{|}~]+)пригари(?:$|\\s+|[!""#$№%&\\\'()*+,\\-./:;<=>?@\\[\\]\\\\^_`{|}~]+))'}"
"{'token_text': 'миазмы', 'pattern': '(?:(?:^|\\s+|[!""#$№%&\\\'()*+,\\-./:;<=>?@\\[\\]\\\\^_`{|}~]+)миазмами(?:$|\\s+|[!""#$№%&\\\'()*+,\\-./:;<=>?@\\[\\]\\\\^_`{|}~]+)|(?:^|\\s+|[!""#$№%&\\\'()*+,\\-./:;<=>?@\\[\\]\\\\^_`{|}~]+)миазмах(?:$|\\s+|[!""#$№%&\\\'()*+,\\-./:;<=>?@\\[\\]\\\\^_`{|}~]+)|(?:^|\\s+|[!""#$№%&\\\'()*+,\\-./:;<=>?@\\[\\]\\\\^_`{|}~]+)миазмов(?:$|\\s+|[!""#$№%&\\\'()*+,\\-./:;<=>?@\\[\\]\\\\^_`{|}~]+)|(?:^|\\s+|[!""#$№%&\\\'()*+,\\-./:;<=>?@\\[\\]\\\\^_`{|}~]+)миазмам(?:$|\\s+|[!""#$№%&\\\'()*+,\\-./:;<=>?@\\[\\]\\\\^_`{|}~]+)|(?:^|\\s+|[!""#$№%&\\\'()*+,\\-./:;<=>?@\\[\\]\\\\^_`{|}~]+)миазмы(?:$|\\s+|[!""#$№%&\\\'()*+,\\-./:;<=>?@\\[\\]\\\\^_`{|}~]+)|(?:^|\\s+|[!""#$№%&\\\'()*+,\\-./:;<=>?@\\[\\]\\\\^_`{|}~]+)миазм(?:$|\\s+|[!""#$№%&\\\'()*+,\\-./:;<=>?@\\[\\]\\\\^_`{|}~]+))'}"
"{'token_text': 'вонь', 'pattern': '(?:(?:^|\\s+|[!""#$№%&\\\'()*+,\\-./:;<=>?@\\[\\]\\\\^_`{|}~]+)вонями(?:$|\\s+|[!""#$№%&\\\'()*+,\\-./:;<=>?@\\[\\]\\\\^_`{|}~]+)|(?:^|\\s+|[!""#$№%&\\\'()*+,\\-./:;<=>?@\\[\\]\\\\^_`{|}~]+)воней(?:$|\\s+|[!""#$№%&\\\'()*+,\\-./:;<=>?@\\[\\]\\\\^_`{|}~]+)|(?:^|\\s+|[!""#$№%&\\\'()*+,\\-./:;<=>?@\\[\\]\\\\^_`{|}~]+)воням(?:$|\\s+|[!""#$№%&\\\'()*+,\\-./:;<=>?@\\[\\]\\\\^_`{|}~]+)|(?:^|\\s+|[!""#$№%&\\\'()*+,\\-./:;<=>?@\\[\\]\\\\^_`{|}~]+)вонью(?:$|\\s+|[!""#$№%&\\\'()*+,\\-./:;<=>?@\\[\\]\\\\^_`{|}~]+)|(?:^|\\s+|[!""#$№%&\\\'()*+,\\-./:;<=>?@\\[\\]\\\\^_`{|}~]+)вонях(?:$|\\s+|[!""#$№%&\\\'()*+,\\-./:;<=>?@\\[\\]\\\\^_`{|}~]+)|(?:^|\\s+|[!""#$№%&\\\'()*+,\\-./:;<=>?@\\[\\]\\\\^_`{|}~]+)вони(?:$|\\s+|[!""#$№%&\\\'()*+,\\-./:;<=>?@\\[\\]\\\\^_`{|}~]+)|(?:^|\\s+|[!""#$№%&\\\'()*+,\\-./:;<=>?@\\[\\]\\\\^_`{|}~]+)вонь(?:$|\\s+|[!""#$№%&\\\'()*+,\\-./:;<=>?@\\[\\]\\\\^_`{|}~]+))'}"
"{'token_text': 'дух', 'pattern': '(?:(?:^|\\s+|[!""#$№%&\\\'()*+,\\-./:;<=>?@\\[\\]\\\\^_`{|}~]+)духами(?:$|\\s+|[!""#$№%&\\\'()*+,\\-./:;<=>?@\\[\\]\\\\^_`{|}~]+)|(?:^|\\s+|[!""#$№%&\\\'()*+,\\-./:;<=>?@\\[\\]\\\\^_`{|}~]+)духов(?:$|\\s+|[!""#$№%&\\\'()*+,\\-./:;<=>?@\\[\\]\\\\^_`{|}~]+)|(?:^|\\s+|[!""#$№%&\\\'()*+,\\-./:;<=>?@\\[\\]\\\\^_`{|}~]+)духом(?:$|\\s+|[!""#$№%&\\\'()*+,\\-./:;<=>?@\\[\\]\\\\^_`{|}~]+)|(?:^|\\s+|[!""#$№%&\\\'()*+,\\-./:;<=>?@\\[\\]\\\\^_`{|}~]+)духах(?:$|\\s+|[!""#$№%&\\\'()*+,\\-./:;<=>?@\\[\\]\\\\^_`{|}~]+)|(?:^|\\s+|[!""#$№%&\\\'()*+,\\-./:;<=>?@\\[\\]\\\\^_`{|}~]+)духам(?:$|\\s+|[!""#$№%&\\\'()*+,\\-./:;<=>?@\\[\\]\\\\^_`{|}~]+)|(?:^|\\s+|[!""#$№%&\\\'()*+,\\-./:;<=>?@\\[\\]\\\\^_`{|}~]+)духи(?:$|\\s+|[!""#$№%&\\\'()*+,\\-./:;<=>?@\\[\\]\\\\^_`{|}~]+)|(?:^|\\s+|[!""#$№%&\\\'()*+,\\-./:;<=>?@\\[\\]\\\\^_`{|}~]+)духа(?:$|\\s+|[!""#$№%&\\\'()*+,\\-./:;<=>?@\\[\\]\\\\^_`{|}~]+)|(?:^|\\s+|[!""#$№%&\\\'()*+,\\-./:;<=>?@\\[\\]\\\\^_`{|}~]+)духу(?:$|\\s+|[!""#$№%&\\\'()*+,\\-./:;<=>?@\\[\\]\\\\^_`{|}~]+)|(?:^|\\s+|[!""#$№%&\\\'()*+,\\-./:;<=>?@\\[\\]\\\\^_`{|}~]+)духе(?:$|\\s+|[!""#$№%&\\\'()*+,\\-./:;<=>?@\\[\\]\\\\^_`{|}~]+)|(?:^|\\s+|[!""#$№%&\\\'()*+,\\-./:;<=>?@\\[\\]\\\\^_`{|}~]+)дух(?:$|\\s+|[!""#$№%&\\\'()*+,\\-./:;<=>?@\\[\\]\\\\^_`{|}~]+))'}"
"{'token_text': 'нашатырь', 'pattern': '(?:(?:^|\\s+|[!""#$№%&\\\'()*+,\\-./:;<=>?@\\[\\]\\\\^_`{|}~]+)нашатырями(?:$|\\s+|[!""#$№%&\\\'()*+,\\-./:;<=>?@\\[\\]\\\\^_`{|}~]+)|(?:^|\\s+|[!""#$№%&\\\'()*+,\\-./:;<=>?@\\[\\]\\\\^_`{|}~]+)нашатырём(?:$|\\s+|[!""#$№%&\\\'()*+,\\-./:;<=>?@\\[\\]\\\\^_`{|}~]+)|(?:^|\\s+|[!""#$№%&\\\'()*+,\\-./:;<=>?@\\[\\]\\\\^_`{|}~]+)нашатырям(?:$|\\s+|[!""#$№%&\\\'()*+,\\-./:;<=>?@\\[\\]\\\\^_`{|}~]+)|(?:^|\\s+|[!""#$№%&\\\'()*+,\\-./:;<=>?@\\[\\]\\\\^_`{|}~]+)нашатырей(?:$|\\s+|[!""#$№%&\\\'()*+,\\-./:;<=>?@\\[\\]\\\\^_`{|}~]+)|(?:^|\\s+|[!""#$№%&\\\'()*+,\\-./:;<=>?@\\[\\]\\\\^_`{|}~]+)нашатырях(?:$|\\s+|[!""#$№%&\\\'()*+,\\-./:;<=>?@\\[\\]\\\\^_`{|}~]+)|(?:^|\\s+|[!""#$№%&\\\'()*+,\\-./:;<=>?@\\[\\]\\\\^_`{|}~]+)нашатыри(?:$|\\s+|[!""#$№%&\\\'()*+,\\-./:;<=>?@\\[\\]\\\\^_`{|}~]+)|(?:^|\\s+|[!""#$№%&\\\'()*+,\\-./:;<=>?@\\[\\]\\\\^_`{|}~]+)нашатырю(?:$|\\s+|[!""#$№%&\\\'()*+,\\-./:;<=>?@\\[\\]\\\\^_`{|}~]+)|(?:^|\\s+|[!""#$№%&\\\'()*+,\\-./:;<=>?@\\[\\]\\\\^_`{|}~]+)нашатыре(?:$|\\s+|[!""#$№%&\\\'()*+,\\-./:;<=>?@\\[\\]\\\\^_`{|}~]+)|(?:^|\\s+|[!""#$№%&\\\'()*+,\\-./:;<=>?@\\[\\]\\\\^_`{|}~]+)нашатырь(?:$|\\s+|[!""#$№%&\\\'()*+,\\-./:;<=>?@\\[\\]\\\\^_`{|}~]+)|(?:^|\\s+|[!""#$№%&\\\'()*+,\\-./:;<=>?@\\[\\]\\\\^_`{|}~]+)нашатыря(?:$|\\s+|[!""#$№%&\\\'()*+,\\-./:;<=>?@\\[\\]\\\\^_`{|}~]+))'}"
"{'token_text': 'попахивать', 'pattern': '(?:(?:^|\\s+|[!""#$№%&\\\'()*+,\\-./:;<=>?@\\[\\]\\\\^_`{|}~]+)попахивайте(?:$|\\s+|[!""#$№%&\\\'()*+,\\-./:;<=>?@\\[\\]\\\\^_`{|}~]+)|(?:^|\\s+|[!""#$№%&\\\'()*+,\\-./:;<=>?@\\[\\]\\\\^_`{|}~]+)попахиваешь(?:$|\\s+|[!""#$№%&\\\'()*+,\\-./:;<=>?@\\[\\]\\\\^_`{|}~]+)|(?:^|\\s+|[!""#$№%&\\\'()*+,\\-./:;<=>?@\\[\\]\\\\^_`{|}~]+)попахиваете(?:$|\\s+|[!""#$№%&\\\'()*+,\\-./:;<=>?@\\[\\]\\\\^_`{|}~]+)|(?:^|\\s+|[!""#$№%&\\\'()*+,\\-./:;<=>?@\\[\\]\\\\^_`{|}~]+)попахивает(?:$|\\s+|[!""#$№%&\\\'()*+,\\-./:;<=>?@\\[\\]\\\\^_`{|}~]+)|(?:^|\\s+|[!""#$№%&\\\'()*+,\\-./:;<=>?@\\[\\]\\\\^_`{|}~]+)попахиваем(?:$|\\s+|[!""#$№%&\\\'()*+,\\-./:;<=>?@\\[\\]\\\\^_`{|}~]+)|(?:^|\\s+|[!""#$№%&\\\'()*+,\\-./:;<=>?@\\[\\]\\\\^_`{|}~]+)попахивать(?:$|\\s+|[!""#$№%&\\\'()*+,\\-./:;<=>?@\\[\\]\\\\^_`{|}~]+)|(?:^|\\s+|[!""#$№%&\\\'()*+,\\-./:;<=>?@\\[\\]\\\\^_`{|}~]+)попахивала(?:$|\\s+|[!""#$№%&\\\'()*+,\\-./:;<=>?@\\[\\]\\\\^_`{|}~]+)|(?:^|\\s+|[!""#$№%&\\\'()*+,\\-./:;<=>?@\\[\\]\\\\^_`{|}~]+)попахивали(?:$|\\s+|[!""#$№%&\\\'()*+,\\-./:;<=>?@\\[\\]\\\\^_`{|}~]+)|(?:^|\\s+|[!""#$№%&\\\'()*+,\\-./:;<=>?@\\[\\]\\\\^_`{|}~]+)попахивают(?:$|\\s+|[!""#$№%&\\\'()*+,\\-./:;<=>?@\\[\\]\\\\^_`{|}~]+)|(?:^|\\s+|[!""#$№%&\\\'()*+,\\-./:;<=>?@\\[\\]\\\\^_`{|}~]+)попахивало(?:$|\\s+|[!""#$№%&\\\'()*+,\\-./:;<=>?@\\[\\]\\\\^_`{|}~]+)|(?:^|\\s+|[!""#$№%&\\\'()*+,\\-./:;<=>?@\\[\\]\\\\^_`{|}~]+)попахиваю(?:$|\\s+|[!""#$№%&\\\'()*+,\\-./:;<=>?@\\[\\]\\\\^_`{|}~]+)|(?:^|\\s+|[!""#$№%&\\\'()*+,\\-./:;<=>?@\\[\\]\\\\^_`{|}~]+)попахивай(?:$|\\s+|[!""#$№%&\\\'()*+,\\-./:;<=>?@\\[\\]\\\\^_`{|}~]+)|(?:^|\\s+|[!""#$№%&\\\'()*+,\\-./:;<=>?@\\[\\]\\\\^_`{|}~]+)попахивал(?:$|\\s+|[!""#$№%&\\\'()*+,\\-./:;<=>?@\\[\\]\\\\^_`{|}~]+))'}"
"{'token_text': 'тухлятина', 'pattern': '(?:(?:^|\\s+|[!""#$№%&\\\'()*+,\\-./:;<=>?@\\[\\]\\\\^_`{|}~]+)тухлятинами(?:$|\\s+|[!""#$№%&\\\'()*+,\\-./:;<=>?@\\[\\]\\\\^_`{|}~]+)|(?:^|\\s+|[!""#$№%&\\\'()*+,\\-./:;<=>?@\\[\\]\\\\^_`{|}~]+)тухлятинах(?:$|\\s+|[!""#$№%&\\\'()*+,\\-./:;<=>?@\\[\\]\\\\^_`{|}~]+)|(?:^|\\s+|[!""#$№%&\\\'()*+,\\-./:;<=>?@\\[\\]\\\\^_`{|}~]+)тухлятиною(?:$|\\s+|[!""#$№%&\\\'()*+,\\-./:;<=>?@\\[\\]\\\\^_`{|}~]+)|(?:^|\\s+|[!""#$№%&\\\'()*+,\\-./:;<=>?@\\[\\]\\\\^_`{|}~]+)тухлятиной(?:$|\\s+|[!""#$№%&\\\'()*+,\\-./:;<=>?@\\[\\]\\\\^_`{|}~]+)|(?:^|\\s+|[!""#$№%&\\\'()*+,\\-./:;<=>?@\\[\\]\\\\^_`{|}~]+)тухлятинам(?:$|\\s+|[!""#$№%&\\\'()*+,\\-./:;<=>?@\\[\\]\\\\^_`{|}~]+)|(?:^|\\s+|[!""#$№%&\\\'()*+,\\-./:;<=>?@\\[\\]\\\\^_`{|}~]+)тухлятину(?:$|\\s+|[!""#$№%&\\\'()*+,\\-./:;<=>?@\\[\\]\\\\^_`{|}~]+)|(?:^|\\s+|[!""#$№%&\\\'()*+,\\-./:;<=>?@\\[\\]\\\\^_`{|}~]+)тухлятины(?:$|\\s+|[!""#$№%&\\\'()*+,\\-./:;<=>?@\\[\\]\\\\^_`{|}~]+)|(?:^|\\s+|[!""#$№%&\\\'()*+,\\-./:;<=>?@\\[\\]\\\\^_`{|}~]+)тухлятина(?:$|\\s+|[!""#$№%&\\\'()*+,\\-./:;<=>?@\\[\\]\\\\^_`{|}~]+)|(?:^|\\s+|[!""#$№%&\\\'()*+,\\-./:;<=>?@\\[\\]\\\\^_`{|}~]+)тухлятине(?:$|\\s+|[!""#$№%&\\\'()*+,\\-./:;<=>?@\\[\\]\\\\^_`{|}~]+)|(?:^|\\s+|[!""#$№%&\\\'()*+,\\-./:;<=>?@\\[\\]\\\\^_`{|}~]+)тухлятин(?:$|\\s+|[!""#$№%&\\\'()*+,\\-./:;<=>?@\\[\\]\\\\^_`{|}~]+))'}"
"{'token_text': 'аромат', 'pattern': '(?:(?:^|\\s+|[!""#$№%&\\\'()*+,\\-./:;<=>?@\\[\\]\\\\^_`{|}~]+)ароматами(?:$|\\s+|[!""#$№%&\\\'()*+,\\-./:;<=>?@\\[\\]\\\\^_`{|}~]+)|(?:^|\\s+|[!""#$№%&\\\'()*+,\\-./:;<=>?@\\[\\]\\\\^_`{|}~]+)ароматом(?:$|\\s+|[!""#$№%&\\\'()*+,\\-./:;<=>?@\\[\\]\\\\^_`{|}~]+)|(?:^|\\s+|[!""#$№%&\\\'()*+,\\-./:;<=>?@\\[\\]\\\\^_`{|}~]+)ароматам(?:$|\\s+|[!""#$№%&\\\'()*+,\\-./:;<=>?@\\[\\]\\\\^_`{|}~]+)|(?:^|\\s+|[!""#$№%&\\\'()*+,\\-./:;<=>?@\\[\\]\\\\^_`{|}~]+)ароматах(?:$|\\s+|[!""#$№%&\\\'()*+,\\-./:;<=>?@\\[\\]\\\\^_`{|}~]+)|(?:^|\\s+|[!""#$№%&\\\'()*+,\\-./:;<=>?@\\[\\]\\\\^_`{|}~]+)ароматов(?:$|\\s+|[!""#$№%&\\\'()*+,\\-./:;<=>?@\\[\\]\\\\^_`{|}~]+)|(?:^|\\s+|[!""#$№%&\\\'()*+,\\-./:;<=>?@\\[\\]\\\\^_`{|}~]+)аромате(?:$|\\s+|[!""#$№%&\\\'()*+,\\-./:;<=>?@\\[\\]\\\\^_`{|}~]+)|(?:^|\\s+|[!""#$№%&\\\'()*+,\\-./:;<=>?@\\[\\]\\\\^_`{|}~]+)аромату(?:$|\\s+|[!""#$№%&\\\'()*+,\\-./:;<=>?@\\[\\]\\\\^_`{|}~]+)|(?:^|\\s+|[!""#$№%&\\\'()*+,\\-./:;<=>?@\\[\\]\\\\^_`{|}~]+)аромата(?:$|\\s+|[!""#$№%&\\\'()*+,\\-./:;<=>?@\\[\\]\\\\^_`{|}~]+)|(?:^|\\s+|[!""#$№%&\\\'()*+,\\-./:;<=>?@\\[\\]\\\\^_`{|}~]+)ароматы(?:$|\\s+|[!""#$№%&\\\'()*+,\\-./:;<=>?@\\[\\]\\\\^_`{|}~]+)|(?:^|\\s+|[!""#$№%&\\\'()*+,\\-./:;<=>?@\\[\\]\\\\^_`{|}~]+)аромат(?:$|\\s+|[!""#$№%&\\\'()*+,\\-./:;<=>?@\\[\\]\\\\^_`{|}~]+))'}"
"{'token_text': 'душистый', 'pattern': '(?:(?:^|\\s+|[!""#$№%&\\\'()*+,\\-./:;<=>?@\\[\\]\\\\^_`{|}~]+)душистому(?:$|\\s+|[!""#$№%&\\\'()*+,\\-./:;<=>?@\\[\\]\\\\^_`{|}~]+)|(?:^|\\s+|[!""#$№%&\\\'()*+,\\-./:;<=>?@\\[\\]\\\\^_`{|}~]+)душистого(?:$|\\s+|[!""#$№%&\\\'()*+,\\-./:;<=>?@\\[\\]\\\\^_`{|}~]+)|(?:^|\\s+|[!""#$№%&\\\'()*+,\\-./:;<=>?@\\[\\]\\\\^_`{|}~]+)душистыми(?:$|\\s+|[!""#$№%&\\\'()*+,\\-./:;<=>?@\\[\\]\\\\^_`{|}~]+)|(?:^|\\s+|[!""#$№%&\\\'()*+,\\-./:;<=>?@\\[\\]\\\\^_`{|}~]+)душистая(?:$|\\s+|[!""#$№%&\\\'()*+,\\-./:;<=>?@\\[\\]\\\\^_`{|}~]+)|(?:^|\\s+|[!""#$№%&\\\'()*+,\\-./:;<=>?@\\[\\]\\\\^_`{|}~]+)душистою(?:$|\\s+|[!""#$№%&\\\'()*+,\\-./:;<=>?@\\[\\]\\\\^_`{|}~]+)|(?:^|\\s+|[!""#$№%&\\\'()*+,\\-./:;<=>?@\\[\\]\\\\^_`{|}~]+)душистое(?:$|\\s+|[!""#$№%&\\\'()*+,\\-./:;<=>?@\\[\\]\\\\^_`{|}~]+)|(?:^|\\s+|[!""#$№%&\\\'()*+,\\-./:;<=>?@\\[\\]\\\\^_`{|}~]+)душистым(?:$|\\s+|[!""#$№%&\\\'()*+,\\-./:;<=>?@\\[\\]\\\\^_`{|}~]+)|(?:^|\\s+|[!""#$№%&\\\'()*+,\\-./:;<=>?@\\[\\]\\\\^_`{|}~]+)душистых(?:$|\\s+|[!""#$№%&\\\'()*+,\\-./:;<=>?@\\[\\]\\\\^_`{|}~]+)|(?:^|\\s+|[!""#$№%&\\\'()*+,\\-./:;<=>?@\\[\\]\\\\^_`{|}~]+)душистые(?:$|\\s+|[!""#$№%&\\\'()*+,\\-./:;<=>?@\\[\\]\\\\^_`{|}~]+)|(?:^|\\s+|[!""#$№%&\\\'()*+,\\-./:;<=>?@\\[\\]\\\\^_`{|}~]+)душистой(?:$|\\s+|[!""#$№%&\\\'()*+,\\-./:;<=>?@\\[\\]\\\\^_`{|}~]+)|(?:^|\\s+|[!""#$№%&\\\'()*+,\\-./:;<=>?@\\[\\]\\\\^_`{|}~]+)душистом(?:$|\\s+|[!""#$№%&\\\'()*+,\\-./:;<=>?@\\[\\]\\\\^_`{|}~]+)|(?:^|\\s+|[!""#$№%&\\\'()*+,\\-./:;<=>?@\\[\\]\\\\^_`{|}~]+)душистую(?:$|\\s+|[!""#$№%&\\\'()*+,\\-./:;<=>?@\\[\\]\\\\^_`{|}~]+)|(?:^|\\s+|[!""#$№%&\\\'()*+,\\-./:;<=>?@\\[\\]\\\\^_`{|}~]+)душистый(?:$|\\s+|[!""#$№%&\\\'()*+,\\-./:;<=>?@\\[\\]\\\\^_`{|}~]+))'}"
"{'token_text': 'запах', 'pattern': '(?:(?:^|\\s+|[!""#$№%&\\\'()*+,\\-./:;<=>?@\\[\\]\\\\^_`{|}~]+)запахами(?:$|\\s+|[!""#$№%&\\\'()*+,\\-./:;<=>?@\\[\\]\\\\^_`{|}~]+)|(?:^|\\s+|[!""#$№%&\\\'()*+,\\-./:;<=>?@\\[\\]\\\\^_`{|}~]+)запахах(?:$|\\s+|[!""#$№%&\\\'()*+,\\-./:;<=>?@\\[\\]\\\\^_`{|}~]+)|(?:^|\\s+|[!""#$№%&\\\'()*+,\\-./:;<=>?@\\[\\]\\\\^_`{|}~]+)запахов(?:$|\\s+|[!""#$№%&\\\'()*+,\\-./:;<=>?@\\[\\]\\\\^_`{|}~]+)|(?:^|\\s+|[!""#$№%&\\\'()*+,\\-./:;<=>?@\\[\\]\\\\^_`{|}~]+)запахам(?:$|\\s+|[!""#$№%&\\\'()*+,\\-./:;<=>?@\\[\\]\\\\^_`{|}~]+)|(?:^|\\s+|[!""#$№%&\\\'()*+,\\-./:;<=>?@\\[\\]\\\\^_`{|}~]+)запахом(?:$|\\s+|[!""#$№%&\\\'()*+,\\-./:;<=>?@\\[\\]\\\\^_`{|}~]+)|(?:^|\\s+|[!""#$№%&\\\'()*+,\\-./:;<=>?@\\[\\]\\\\^_`{|}~]+)запаху(?:$|\\s+|[!""#$№%&\\\'()*+,\\-./:;<=>?@\\[\\]\\\\^_`{|}~]+)|(?:^|\\s+|[!""#$№%&\\\'()*+,\\-./:;<=>?@\\[\\]\\\\^_`{|}~]+)запахе(?:$|\\s+|[!""#$№%&\\\'()*+,\\-./:;<=>?@\\[\\]\\\\^_`{|}~]+)|(?:^|\\s+|[!""#$№%&\\\'()*+,\\-./:;<=>?@\\[\\]\\\\^_`{|}~]+)запахи(?:$|\\s+|[!""#$№%&\\\'()*+,\\-./:;<=>?@\\[\\]\\\\^_`{|}~]+)|(?:^|\\s+|[!""#$№%&\\\'()*+,\\-./:;<=>?@\\[\\]\\\\^_`{|}~]+)запаха(?:$|\\s+|[!""#$№%&\\\'()*+,\\-./:;<=>?@\\[\\]\\\\^_`{|}~]+)|(?:^|\\s+|[!""#$№%&\\\'()*+,\\-./:;<=>?@\\[\\]\\\\^_`{|}~]+)запах(?:$|\\s+|[!""#$№%&\\\'()*+,\\-./:;<=>?@\\[\\]\\\\^_`{|}~]+))'}"
"{'token_text': 'прелый', 'pattern': '(?:(?:^|\\s+|[!""#$№%&\\\'()*+,\\-./:;<=>?@\\[\\]\\\\^_`{|}~]+)прелому(?:$|\\s+|[!""#$№%&\\\'()*+,\\-./:;<=>?@\\[\\]\\\\^_`{|}~]+)|(?:^|\\s+|[!""#$№%&\\\'()*+,\\-./:;<=>?@\\[\\]\\\\^_`{|}~]+)прелыми(?:$|\\s+|[!""#$№%&\\\'()*+,\\-./:;<=>?@\\[\\]\\\\^_`{|}~]+)|(?:^|\\s+|[!""#$№%&\\\'()*+,\\-./:;<=>?@\\[\\]\\\\^_`{|}~]+)прелого(?:$|\\s+|[!""#$№%&\\\'()*+,\\-./:;<=>?@\\[\\]\\\\^_`{|}~]+)|(?:^|\\s+|[!""#$№%&\\\'()*+,\\-./:;<=>?@\\[\\]\\\\^_`{|}~]+)прелым(?:$|\\s+|[!""#$№%&\\\'()*+,\\-./:;<=>?@\\[\\]\\\\^_`{|}~]+)|(?:^|\\s+|[!""#$№%&\\\'()*+,\\-./:;<=>?@\\[\\]\\\\^_`{|}~]+)прелые(?:$|\\s+|[!""#$№%&\\\'()*+,\\-./:;<=>?@\\[\\]\\\\^_`{|}~]+)|(?:^|\\s+|[!""#$№%&\\\'()*+,\\-./:;<=>?@\\[\\]\\\\^_`{|}~]+)прелых(?:$|\\s+|[!""#$№%&\\\'()*+,\\-./:;<=>?@\\[\\]\\\\^_`{|}~]+)|(?:^|\\s+|[!""#$№%&\\\'()*+,\\-./:;<=>?@\\[\\]\\\\^_`{|}~]+)прелое(?:$|\\s+|[!""#$№%&\\\'()*+,\\-./:;<=>?@\\[\\]\\\\^_`{|}~]+)|(?:^|\\s+|[!""#$№%&\\\'()*+,\\-./:;<=>?@\\[\\]\\\\^_`{|}~]+)прелая(?:$|\\s+|[!""#$№%&\\\'()*+,\\-./:;<=>?@\\[\\]\\\\^_`{|}~]+)|(?:^|\\s+|[!""#$№%&\\\'()*+,\\-./:;<=>?@\\[\\]\\\\^_`{|}~]+)прелой(?:$|\\s+|[!""#$№%&\\\'()*+,\\-./:;<=>?@\\[\\]\\\\^_`{|}~]+)|(?:^|\\s+|[!""#$№%&\\\'()*+,\\-./:;<=>?@\\[\\]\\\\^_`{|}~]+)прелую(?:$|\\s+|[!""#$№%&\\\'()*+,\\-./:;<=>?@\\[\\]\\\\^_`{|}~]+)|(?:^|\\s+|[!""#$№%&\\\'()*+,\\-./:;<=>?@\\[\\]\\\\^_`{|}~]+)прелою(?:$|\\s+|[!""#$№%&\\\'()*+,\\-./:;<=>?@\\[\\]\\\\^_`{|}~]+)|(?:^|\\s+|[!""#$№%&\\\'()*+,\\-./:;<=>?@\\[\\]\\\\^_`{|}~]+)прелом(?:$|\\s+|[!""#$№%&\\\'()*+,\\-./:;<=>?@\\[\\]\\\\^_`{|}~]+)|(?:^|\\s+|[!""#$№%&\\\'()*+,\\-./:;<=>?@\\[\\]\\\\^_`{|}~]+)прелый(?:$|\\s+|[!""#$№%&\\\'()*+,\\-./:;<=>?@\\[\\]\\\\^_`{|}~]+))'}"
"{'token_text': 'бальзамический', 'pattern': '(?:(?:^|\\s+|[!""#$№%&\\\'()*+,\\-./:;<=>?@\\[\\]\\\\^_`{|}~]+)бальзамического(?:$|\\s+|[!""#$№%&\\\'()*+,\\-./:;<=>?@\\[\\]\\\\^_`{|}~]+)|(?:^|\\s+|[!""#$№%&\\\'()*+,\\-./:;<=>?@\\[\\]\\\\^_`{|}~]+)бальзамическими(?:$|\\s+|[!""#$№%&\\\'()*+,\\-./:;<=>?@\\[\\]\\\\^_`{|}~]+)|(?:^|\\s+|[!""#$№%&\\\'()*+,\\-./:;<=>?@\\[\\]\\\\^_`{|}~]+)бальзамическому(?:$|\\s+|[!""#$№%&\\\'()*+,\\-./:;<=>?@\\[\\]\\\\^_`{|}~]+)|(?:^|\\s+|[!""#$№%&\\\'()*+,\\-./:;<=>?@\\[\\]\\\\^_`{|}~]+)бальзамической(?:$|\\s+|[!""#$№%&\\\'()*+,\\-./:;<=>?@\\[\\]\\\\^_`{|}~]+)|(?:^|\\s+|[!""#$№%&\\\'()*+,\\-./:;<=>?@\\[\\]\\\\^_`{|}~]+)бальзамическом(?:$|\\s+|[!""#$№%&\\\'()*+,\\-./:;<=>?@\\[\\]\\\\^_`{|}~]+)|(?:^|\\s+|[!""#$№%&\\\'()*+,\\-./:;<=>?@\\[\\]\\\\^_`{|}~]+)бальзамическую(?:$|\\s+|[!""#$№%&\\\'()*+,\\-./:;<=>?@\\[\\]\\\\^_`{|}~]+)|(?:^|\\s+|[!""#$№%&\\\'()*+,\\-./:;<=>?@\\[\\]\\\\^_`{|}~]+)бальзамическим(?:$|\\s+|[!""#$№%&\\\'()*+,\\-./:;<=>?@\\[\\]\\\\^_`{|}~]+)|(?:^|\\s+|[!""#$№%&\\\'()*+,\\-./:;<=>?@\\[\\]\\\\^_`{|}~]+)бальзамический(?:$|\\s+|[!""#$№%&\\\'()*+,\\-./:;<=>?@\\[\\]\\\\^_`{|}~]+)|(?:^|\\s+|[!""#$№%&\\\'()*+,\\-./:;<=>?@\\[\\]\\\\^_`{|}~]+)бальзамическое(?:$|\\s+|[!""#$№%&\\\'()*+,\\-./:;<=>?@\\[\\]\\\\^_`{|}~]+)|(?:^|\\s+|[!""#$№%&\\\'()*+,\\-./:;<=>?@\\[\\]\\\\^_`{|}~]+)бальзамические(?:$|\\s+|[!""#$№%&\\\'()*+,\\-./:;<=>?@\\[\\]\\\\^_`{|}~]+)|(?:^|\\s+|[!""#$№%&\\\'()*+,\\-./:;<=>?@\\[\\]\\\\^_`{|}~]+)бальзамическою(?:$|\\s+|[!""#$№%&\\\'()*+,\\-./:;<=>?@\\[\\]\\\\^_`{|}~]+)|(?:^|\\s+|[!""#$№%&\\\'()*+,\\-./:;<=>?@\\[\\]\\\\^_`{|}~]+)бальзамических(?:$|\\s+|[!""#$№%&\\\'()*+,\\-./:;<=>?@\\[\\]\\\\^_`{|}~]+)|(?:^|\\s+|[!""#$№%&\\\'()*+,\\-./:;<=>?@\\[\\]\\\\^_`{|}~]+)бальзамическая(?:$|\\s+|[!""#$№%&\\\'()*+,\\-./:;<=>?@\\[\\]\\\\^_`{|}~]+))'}"
"{'token_text': 'ароматный', 'pattern': '(?:(?:^|\\s+|[!""#$№%&\\\'()*+,\\-./:;<=>?@\\[\\]\\\\^_`{|}~]+)ароматнейшего(?:$|\\s+|[!""#$№%&\\\'()*+,\\-./:;<=>?@\\[\\]\\\\^_`{|}~]+)|(?:^|\\s+|[!""#$№%&\\\'()*+,\\-./:;<=>?@\\[\\]\\\\^_`{|}~]+)ароматнейшими(?:$|\\s+|[!""#$№%&\\\'()*+,\\-./:;<=>?@\\[\\]\\\\^_`{|}~]+)|(?:^|\\s+|[!""#$№%&\\\'()*+,\\-./:;<=>?@\\[\\]\\\\^_`{|}~]+)ароматнейшему(?:$|\\s+|[!""#$№%&\\\'()*+,\\-./:;<=>?@\\[\\]\\\\^_`{|}~]+)|(?:^|\\s+|[!""#$№%&\\\'()*+,\\-./:;<=>?@\\[\\]\\\\^_`{|}~]+)ароматнейшим(?:$|\\s+|[!""#$№%&\\\'()*+,\\-./:;<=>?@\\[\\]\\\\^_`{|}~]+)|(?:^|\\s+|[!""#$№%&\\\'()*+,\\-./:;<=>?@\\[\\]\\\\^_`{|}~]+)ароматнейшей(?:$|\\s+|[!""#$№%&\\\'()*+,\\-./:;<=>?@\\[\\]\\\\^_`{|}~]+)|(?:^|\\s+|[!""#$№%&\\\'()*+,\\-./:;<=>?@\\[\\]\\\\^_`{|}~]+)ароматнейшее(?:$|\\s+|[!""#$№%&\\\'()*+,\\-./:;<=>?@\\[\\]\\\\^_`{|}~]+)|(?:^|\\s+|[!""#$№%&\\\'()*+,\\-./:;<=>?@\\[\\]\\\\^_`{|}~]+)ароматнейшую(?:$|\\s+|[!""#$№%&\\\'()*+,\\-./:;<=>?@\\[\\]\\\\^_`{|}~]+)|(?:^|\\s+|[!""#$№%&\\\'()*+,\\-./:;<=>?@\\[\\]\\\\^_`{|}~]+)ароматнейшие(?:$|\\s+|[!""#$№%&\\\'()*+,\\-./:;<=>?@\\[\\]\\\\^_`{|}~]+)|(?:^|\\s+|[!""#$№%&\\\'()*+,\\-./:;<=>?@\\[\\]\\\\^_`{|}~]+)ароматнейшая(?:$|\\s+|[!""#$№%&\\\'()*+,\\-./:;<=>?@\\[\\]\\\\^_`{|}~]+)|(?:^|\\s+|[!""#$№%&\\\'()*+,\\-./:;<=>?@\\[\\]\\\\^_`{|}~]+)ароматнейшею(?:$|\\s+|[!""#$№%&\\\'()*+,\\-./:;<=>?@\\[\\]\\\\^_`{|}~]+)|(?:^|\\s+|[!""#$№%&\\\'()*+,\\-./:;<=>?@\\[\\]\\\\^_`{|}~]+)ароматнейший(?:$|\\s+|[!""#$№%&\\\'()*+,\\-./:;<=>?@\\[\\]\\\\^_`{|}~]+)|(?:^|\\s+|[!""#$№%&\\\'()*+,\\-./:;<=>?@\\[\\]\\\\^_`{|}~]+)ароматнейшем(?:$|\\s+|[!""#$№%&\\\'()*+,\\-./:;<=>?@\\[\\]\\\\^_`{|}~]+)|(?:^|\\s+|[!""#$№%&\\\'()*+,\\-./:;<=>?@\\[\\]\\\\^_`{|}~]+)ароматнейших(?:$|\\s+|[!""#$№%&\\\'()*+,\\-./:;<=>?@\\[\\]\\\\^_`{|}~]+)|(?:^|\\s+|[!""#$№%&\\\'()*+,\\-./:;<=>?@\\[\\]\\\\^_`{|}~]+)ароматными(?:$|\\s+|[!""#$№%&\\\'()*+,\\-./:;<=>?@\\[\\]\\\\^_`{|}~]+)|(?:^|\\s+|[!""#$№%&\\\'()*+,\\-./:;<=>?@\\[\\]\\\\^_`{|}~]+)ароматному(?:$|\\s+|[!""#$№%&\\\'()*+,\\-./:;<=>?@\\[\\]\\\\^_`{|}~]+)|(?:^|\\s+|[!""#$№%&\\\'()*+,\\-./:;<=>?@\\[\\]\\\\^_`{|}~]+)ароматного(?:$|\\s+|[!""#$№%&\\\'()*+,\\-./:;<=>?@\\[\\]\\\\^_`{|}~]+)|(?:^|\\s+|[!""#$№%&\\\'()*+,\\-./:;<=>?@\\[\\]\\\\^_`{|}~]+)ароматное(?:$|\\s+|[!""#$№%&\\\'()*+,\\-./:;<=>?@\\[\\]\\\\^_`{|}~]+)|(?:^|\\s+|[!""#$№%&\\\'()*+,\\-./:;<=>?@\\[\\]\\\\^_`{|}~]+)ароматных(?:$|\\s+|[!""#$№%&\\\'()*+,\\-./:;<=>?@\\[\\]\\\\^_`{|}~]+)|(?:^|\\s+|[!""#$№%&\\\'()*+,\\-./:;<=>?@\\[\\]\\\\^_`{|}~]+)ароматный(?:$|\\s+|[!""#$№%&\\\'()*+,\\-./:;<=>?@\\[\\]\\\\^_`{|}~]+)|(?:^|\\s+|[!""#$№%&\\\'()*+,\\-./:;<=>?@\\[\\]\\\\^_`{|}~]+)ароматном(?:$|\\s+|[!""#$№%&\\\'()*+,\\-./:;<=>?@\\[\\]\\\\^_`{|}~]+)|(?:^|\\s+|[!""#$№%&\\\'()*+,\\-./:;<=>?@\\[\\]\\\\^_`{|}~]+)ароматной(?:$|\\s+|[!""#$№%&\\\'()*+,\\-./:;<=>?@\\[\\]\\\\^_`{|}~]+)|(?:^|\\s+|[!""#$№%&\\\'()*+,\\-./:;<=>?@\\[\\]\\\\^_`{|}~]+)ароматные(?:$|\\s+|[!""#$№%&\\\'()*+,\\-./:;<=>?@\\[\\]\\\\^_`{|}~]+)|(?:^|\\s+|[!""#$№%&\\\'()*+,\\-./:;<=>?@\\[\\]\\\\^_`{|}~]+)ароматная(?:$|\\s+|[!""#$№%&\\\'()*+,\\-./:;<=>?@\\[\\]\\\\^_`{|}~]+)|(?:^|\\s+|[!""#$№%&\\\'()*+,\\-./:;<=>?@\\[\\]\\\\^_`{|}~]+)ароматною(?:$|\\s+|[!""#$№%&\\\'()*+,\\-./:;<=>?@\\[\\]\\\\^_`{|}~]+)|(?:^|\\s+|[!""#$№%&\\\'()*+,\\-./:;<=>?@\\[\\]\\\\^_`{|}~]+)ароматную(?:$|\\s+|[!""#$№%&\\\'()*+,\\-./:;<=>?@\\[\\]\\\\^_`{|}~]+)|(?:^|\\s+|[!""#$№%&\\\'()*+,\\-./:;<=>?@\\[\\]\\\\^_`{|}~]+)ароматным(?:$|\\s+|[!""#$№%&\\\'()*+,\\-./:;<=>?@\\[\\]\\\\^_`{|}~]+))'}"
"{'token_text': 'вонючий', 'pattern': '(?:(?:^|\\s+|[!""#$№%&\\\'()*+,\\-./:;<=>?@\\[\\]\\\\^_`{|}~]+)вонючими(?:$|\\s+|[!""#$№%&\\\'()*+,\\-./:;<=>?@\\[\\]\\\\^_`{|}~]+)|(?:^|\\s+|[!""#$№%&\\\'()*+,\\-./:;<=>?@\\[\\]\\\\^_`{|}~]+)вонючего(?:$|\\s+|[!""#$№%&\\\'()*+,\\-./:;<=>?@\\[\\]\\\\^_`{|}~]+)|(?:^|\\s+|[!""#$№%&\\\'()*+,\\-./:;<=>?@\\[\\]\\\\^_`{|}~]+)вонючему(?:$|\\s+|[!""#$№%&\\\'()*+,\\-./:;<=>?@\\[\\]\\\\^_`{|}~]+)|(?:^|\\s+|[!""#$№%&\\\'()*+,\\-./:;<=>?@\\[\\]\\\\^_`{|}~]+)вонючих(?:$|\\s+|[!""#$№%&\\\'()*+,\\-./:;<=>?@\\[\\]\\\\^_`{|}~]+)|(?:^|\\s+|[!""#$№%&\\\'()*+,\\-./:;<=>?@\\[\\]\\\\^_`{|}~]+)вонючею(?:$|\\s+|[!""#$№%&\\\'()*+,\\-./:;<=>?@\\[\\]\\\\^_`{|}~]+)|(?:^|\\s+|[!""#$№%&\\\'()*+,\\-./:;<=>?@\\[\\]\\\\^_`{|}~]+)вонючие(?:$|\\s+|[!""#$№%&\\\'()*+,\\-./:;<=>?@\\[\\]\\\\^_`{|}~]+)|(?:^|\\s+|[!""#$№%&\\\'()*+,\\-./:;<=>?@\\[\\]\\\\^_`{|}~]+)вонючее(?:$|\\s+|[!""#$№%&\\\'()*+,\\-./:;<=>?@\\[\\]\\\\^_`{|}~]+)|(?:^|\\s+|[!""#$№%&\\\'()*+,\\-./:;<=>?@\\[\\]\\\\^_`{|}~]+)вонючую(?:$|\\s+|[!""#$№%&\\\'()*+,\\-./:;<=>?@\\[\\]\\\\^_`{|}~]+)|(?:^|\\s+|[!""#$№%&\\\'()*+,\\-./:;<=>?@\\[\\]\\\\^_`{|}~]+)вонючая(?:$|\\s+|[!""#$№%&\\\'()*+,\\-./:;<=>?@\\[\\]\\\\^_`{|}~]+)|(?:^|\\s+|[!""#$№%&\\\'()*+,\\-./:;<=>?@\\[\\]\\\\^_`{|}~]+)вонючем(?:$|\\s+|[!""#$№%&\\\'()*+,\\-./:;<=>?@\\[\\]\\\\^_`{|}~]+)|(?:^|\\s+|[!""#$№%&\\\'()*+,\\-./:;<=>?@\\[\\]\\\\^_`{|}~]+)вонючим(?:$|\\s+|[!""#$№%&\\\'()*+,\\-./:;<=>?@\\[\\]\\\\^_`{|}~]+)|(?:^|\\s+|[!""#$№%&\\\'()*+,\\-./:;<=>?@\\[\\]\\\\^_`{|}~]+)вонючий(?:$|\\s+|[!""#$№%&\\\'()*+,\\-./:;<=>?@\\[\\]\\\\^_`{|}~]+)|(?:^|\\s+|[!""#$№%&\\\'()*+,\\-./:;<=>?@\\[\\]\\\\^_`{|}~]+)вонючей(?:$|\\s+|[!""#$№%&\\\'()*+,\\-./:;<=>?@\\[\\]\\\\^_`{|}~]+))'}"
"{'token_text': 'зловонный', 'pattern': '(?:(?:^|\\s+|[!""#$№%&\\\'()*+,\\-./:;<=>?@\\[\\]\\\\^_`{|}~]+)зловонному(?:$|\\s+|[!""#$№%&\\\'()*+,\\-./:;<=>?@\\[\\]\\\\^_`{|}~]+)|(?:^|\\s+|[!""#$№%&\\\'()*+,\\-./:;<=>?@\\[\\]\\\\^_`{|}~]+)зловонными(?:$|\\s+|[!""#$№%&\\\'()*+,\\-./:;<=>?@\\[\\]\\\\^_`{|}~]+)|(?:^|\\s+|[!""#$№%&\\\'()*+,\\-./:;<=>?@\\[\\]\\\\^_`{|}~]+)зловонного(?:$|\\s+|[!""#$№%&\\\'()*+,\\-./:;<=>?@\\[\\]\\\\^_`{|}~]+)|(?:^|\\s+|[!""#$№%&\\\'()*+,\\-./:;<=>?@\\[\\]\\\\^_`{|}~]+)зловонном(?:$|\\s+|[!""#$№%&\\\'()*+,\\-./:;<=>?@\\[\\]\\\\^_`{|}~]+)|(?:^|\\s+|[!""#$№%&\\\'()*+,\\-./:;<=>?@\\[\\]\\\\^_`{|}~]+)зловонный(?:$|\\s+|[!""#$№%&\\\'()*+,\\-./:;<=>?@\\[\\]\\\\^_`{|}~]+)|(?:^|\\s+|[!""#$№%&\\\'()*+,\\-./:;<=>?@\\[\\]\\\\^_`{|}~]+)зловонной(?:$|\\s+|[!""#$№%&\\\'()*+,\\-./:;<=>?@\\[\\]\\\\^_`{|}~]+)|(?:^|\\s+|[!""#$№%&\\\'()*+,\\-./:;<=>?@\\[\\]\\\\^_`{|}~]+)зловонное(?:$|\\s+|[!""#$№%&\\\'()*+,\\-./:;<=>?@\\[\\]\\\\^_`{|}~]+)|(?:^|\\s+|[!""#$№%&\\\'()*+,\\-./:;<=>?@\\[\\]\\\\^_`{|}~]+)зловонных(?:$|\\s+|[!""#$№%&\\\'()*+,\\-./:;<=>?@\\[\\]\\\\^_`{|}~]+)|(?:^|\\s+|[!""#$№%&\\\'()*+,\\-./:;<=>?@\\[\\]\\\\^_`{|}~]+)зловонная(?:$|\\s+|[!""#$№%&\\\'()*+,\\-./:;<=>?@\\[\\]\\\\^_`{|}~]+)|(?:^|\\s+|[!""#$№%&\\\'()*+,\\-./:;<=>?@\\[\\]\\\\^_`{|}~]+)зловонным(?:$|\\s+|[!""#$№%&\\\'()*+,\\-./:;<=>?@\\[\\]\\\\^_`{|}~]+)|(?:^|\\s+|[!""#$№%&\\\'()*+,\\-./:;<=>?@\\[\\]\\\\^_`{|}~]+)зловонною(?:$|\\s+|[!""#$№%&\\\'()*+,\\-./:;<=>?@\\[\\]\\\\^_`{|}~]+)|(?:^|\\s+|[!""#$№%&\\\'()*+,\\-./:;<=>?@\\[\\]\\\\^_`{|}~]+)зловонные(?:$|\\s+|[!""#$№%&\\\'()*+,\\-./:;<=>?@\\[\\]\\\\^_`{|}~]+)|(?:^|\\s+|[!""#$№%&\\\'()*+,\\-./:;<=>?@\\[\\]\\\\^_`{|}~]+)зловонную(?:$|\\s+|[!""#$№%&\\\'()*+,\\-./:;<=>?@\\[\\]\\\\^_`{|}~]+))'}"
"{'token_text': 'запашок', 'pattern': '(?:(?:^|\\s+|[!""#$№%&\\\'()*+,\\-./:;<=>?@\\[\\]\\\\^_`{|}~]+)запашками(?:$|\\s+|[!""#$№%&\\\'()*+,\\-./:;<=>?@\\[\\]\\\\^_`{|}~]+)|(?:^|\\s+|[!""#$№%&\\\'()*+,\\-./:;<=>?@\\[\\]\\\\^_`{|}~]+)запашках(?:$|\\s+|[!""#$№%&\\\'()*+,\\-./:;<=>?@\\[\\]\\\\^_`{|}~]+)|(?:^|\\s+|[!""#$№%&\\\'()*+,\\-./:;<=>?@\\[\\]\\\\^_`{|}~]+)запашкам(?:$|\\s+|[!""#$№%&\\\'()*+,\\-./:;<=>?@\\[\\]\\\\^_`{|}~]+)|(?:^|\\s+|[!""#$№%&\\\'()*+,\\-./:;<=>?@\\[\\]\\\\^_`{|}~]+)запашком(?:$|\\s+|[!""#$№%&\\\'()*+,\\-./:;<=>?@\\[\\]\\\\^_`{|}~]+)|(?:^|\\s+|[!""#$№%&\\\'()*+,\\-./:;<=>?@\\[\\]\\\\^_`{|}~]+)запашков(?:$|\\s+|[!""#$№%&\\\'()*+,\\-./:;<=>?@\\[\\]\\\\^_`{|}~]+)|(?:^|\\s+|[!""#$№%&\\\'()*+,\\-./:;<=>?@\\[\\]\\\\^_`{|}~]+)запашок(?:$|\\s+|[!""#$№%&\\\'()*+,\\-./:;<=>?@\\[\\]\\\\^_`{|}~]+)|(?:^|\\s+|[!""#$№%&\\\'()*+,\\-./:;<=>?@\\[\\]\\\\^_`{|}~]+)запашке(?:$|\\s+|[!""#$№%&\\\'()*+,\\-./:;<=>?@\\[\\]\\\\^_`{|}~]+)|(?:^|\\s+|[!""#$№%&\\\'()*+,\\-./:;<=>?@\\[\\]\\\\^_`{|}~]+)запашку(?:$|\\s+|[!""#$№%&\\\'()*+,\\-./:;<=>?@\\[\\]\\\\^_`{|}~]+)|(?:^|\\s+|[!""#$№%&\\\'()*+,\\-./:;<=>?@\\[\\]\\\\^_`{|}~]+)запашка(?:$|\\s+|[!""#$№%&\\\'()*+,\\-./:;<=>?@\\[\\]\\\\^_`{|}~]+)|(?:^|\\s+|[!""#$№%&\\\'()*+,\\-./:;<=>?@\\[\\]\\\\^_`{|}~]+)запашки(?:$|\\s+|[!""#$№%&\\\'()*+,\\-./:;<=>?@\\[\\]\\\\^_`{|}~]+))'}"
"{'token_text': 'потеть', 'pattern': '(?:(?:^|\\s+|[!""#$№%&\\\'()*+,\\-./:;<=>?@\\[\\]\\\\^_`{|}~]+)потеете(?:$|\\s+|[!""#$№%&\\\'()*+,\\-./:;<=>?@\\[\\]\\\\^_`{|}~]+)|(?:^|\\s+|[!""#$№%&\\\'()*+,\\-./:;<=>?@\\[\\]\\\\^_`{|}~]+)потеешь(?:$|\\s+|[!""#$№%&\\\'()*+,\\-./:;<=>?@\\[\\]\\\\^_`{|}~]+)|(?:^|\\s+|[!""#$№%&\\\'()*+,\\-./:;<=>?@\\[\\]\\\\^_`{|}~]+)потейте(?:$|\\s+|[!""#$№%&\\\'()*+,\\-./:;<=>?@\\[\\]\\\\^_`{|}~]+)|(?:^|\\s+|[!""#$№%&\\\'()*+,\\-./:;<=>?@\\[\\]\\\\^_`{|}~]+)потеют(?:$|\\s+|[!""#$№%&\\\'()*+,\\-./:;<=>?@\\[\\]\\\\^_`{|}~]+)|(?:^|\\s+|[!""#$№%&\\\'()*+,\\-./:;<=>?@\\[\\]\\\\^_`{|}~]+)потеем(?:$|\\s+|[!""#$№%&\\\'()*+,\\-./:;<=>?@\\[\\]\\\\^_`{|}~]+)|(?:^|\\s+|[!""#$№%&\\\'()*+,\\-./:;<=>?@\\[\\]\\\\^_`{|}~]+)потеть(?:$|\\s+|[!""#$№%&\\\'()*+,\\-./:;<=>?@\\[\\]\\\\^_`{|}~]+)|(?:^|\\s+|[!""#$№%&\\\'()*+,\\-./:;<=>?@\\[\\]\\\\^_`{|}~]+)потеет(?:$|\\s+|[!""#$№%&\\\'()*+,\\-./:;<=>?@\\[\\]\\\\^_`{|}~]+)|(?:^|\\s+|[!""#$№%&\\\'()*+,\\-./:;<=>?@\\[\\]\\\\^_`{|}~]+)потела(?:$|\\s+|[!""#$№%&\\\'()*+,\\-./:;<=>?@\\[\\]\\\\^_`{|}~]+)|(?:^|\\s+|[!""#$№%&\\\'()*+,\\-./:;<=>?@\\[\\]\\\\^_`{|}~]+)потели(?:$|\\s+|[!""#$№%&\\\'()*+,\\-./:;<=>?@\\[\\]\\\\^_`{|}~]+)|(?:^|\\s+|[!""#$№%&\\\'()*+,\\-./:;<=>?@\\[\\]\\\\^_`{|}~]+)потело(?:$|\\s+|[!""#$№%&\\\'()*+,\\-./:;<=>?@\\[\\]\\\\^_`{|}~]+)|(?:^|\\s+|[!""#$№%&\\\'()*+,\\-./:;<=>?@\\[\\]\\\\^_`{|}~]+)потею(?:$|\\s+|[!""#$№%&\\\'()*+,\\-./:;<=>?@\\[\\]\\\\^_`{|}~]+)|(?:^|\\s+|[!""#$№%&\\\'()*+,\\-./:;<=>?@\\[\\]\\\\^_`{|}~]+)потел(?:$|\\s+|[!""#$№%&\\\'()*+,\\-./:;<=>?@\\[\\]\\\\^_`{|}~]+)|(?:^|\\s+|[!""#$№%&\\\'()*+,\\-./:;<=>?@\\[\\]\\\\^_`{|}~]+)потей(?:$|\\s+|[!""#$№%&\\\'()*+,\\-./:;<=>?@\\[\\]\\\\^_`{|}~]+))'}"
"{'token_text': 'флера', 'pattern': '(?:(?:^|\\s+|[!""#$№%&\\\'()*+,\\-./:;<=>?@\\[\\]\\\\^_`{|}~]+)флерами(?:$|\\s+|[!""#$№%&\\\'()*+,\\-./:;<=>?@\\[\\]\\\\^_`{|}~]+)|(?:^|\\s+|[!""#$№%&\\\'()*+,\\-./:;<=>?@\\[\\]\\\\^_`{|}~]+)флёрами(?:$|\\s+|[!""#$№%&\\\'()*+,\\-./:;<=>?@\\[\\]\\\\^_`{|}~]+)|(?:^|\\s+|[!""#$№%&\\\'()*+,\\-./:;<=>?@\\[\\]\\\\^_`{|}~]+)флёрам(?:$|\\s+|[!""#$№%&\\\'()*+,\\-./:;<=>?@\\[\\]\\\\^_`{|}~]+)|(?:^|\\s+|[!""#$№%&\\\'()*+,\\-./:;<=>?@\\[\\]\\\\^_`{|}~]+)флерам(?:$|\\s+|[!""#$№%&\\\'()*+,\\-./:;<=>?@\\[\\]\\\\^_`{|}~]+)|(?:^|\\s+|[!""#$№%&\\\'()*+,\\-./:;<=>?@\\[\\]\\\\^_`{|}~]+)флёров(?:$|\\s+|[!""#$№%&\\\'()*+,\\-./:;<=>?@\\[\\]\\\\^_`{|}~]+)|(?:^|\\s+|[!""#$№%&\\\'()*+,\\-./:;<=>?@\\[\\]\\\\^_`{|}~]+)флерой(?:$|\\s+|[!""#$№%&\\\'()*+,\\-./:;<=>?@\\[\\]\\\\^_`{|}~]+)|(?:^|\\s+|[!""#$№%&\\\'()*+,\\-./:;<=>?@\\[\\]\\\\^_`{|}~]+)флерою(?:$|\\s+|[!""#$№%&\\\'()*+,\\-./:;<=>?@\\[\\]\\\\^_`{|}~]+)|(?:^|\\s+|[!""#$№%&\\\'()*+,\\-./:;<=>?@\\[\\]\\\\^_`{|}~]+)флёрах(?:$|\\s+|[!""#$№%&\\\'()*+,\\-./:;<=>?@\\[\\]\\\\^_`{|}~]+)|(?:^|\\s+|[!""#$№%&\\\'()*+,\\-./:;<=>?@\\[\\]\\\\^_`{|}~]+)флёром(?:$|\\s+|[!""#$№%&\\\'()*+,\\-./:;<=>?@\\[\\]\\\\^_`{|}~]+)|(?:^|\\s+|[!""#$№%&\\\'()*+,\\-./:;<=>?@\\[\\]\\\\^_`{|}~]+)флерах(?:$|\\s+|[!""#$№%&\\\'()*+,\\-./:;<=>?@\\[\\]\\\\^_`{|}~]+)|(?:^|\\s+|[!""#$№%&\\\'()*+,\\-./:;<=>?@\\[\\]\\\\^_`{|}~]+)флере(?:$|\\s+|[!""#$№%&\\\'()*+,\\-./:;<=>?@\\[\\]\\\\^_`{|}~]+)|(?:^|\\s+|[!""#$№%&\\\'()*+,\\-./:;<=>?@\\[\\]\\\\^_`{|}~]+)флёру(?:$|\\s+|[!""#$№%&\\\'()*+,\\-./:;<=>?@\\[\\]\\\\^_`{|}~]+)|(?:^|\\s+|[!""#$№%&\\\'()*+,\\-./:;<=>?@\\[\\]\\\\^_`{|}~]+)флеры(?:$|\\s+|[!""#$№%&\\\'()*+,\\-./:;<=>?@\\[\\]\\\\^_`{|}~]+)|(?:^|\\s+|[!""#$№%&\\\'()*+,\\-./:;<=>?@\\[\\]\\\\^_`{|}~]+)флера(?:$|\\s+|[!""#$№%&\\\'()*+,\\-./:;<=>?@\\[\\]\\\\^_`{|}~]+)|(?:^|\\s+|[!""#$№%&\\\'()*+,\\-./:;<=>?@\\[\\]\\\\^_`{|}~]+)флёре(?:$|\\s+|[!""#$№%&\\\'()*+,\\-./:;<=>?@\\[\\]\\\\^_`{|}~]+)|(?:^|\\s+|[!""#$№%&\\\'()*+,\\-./:;<=>?@\\[\\]\\\\^_`{|}~]+)флёра(?:$|\\s+|[!""#$№%&\\\'()*+,\\-./:;<=>?@\\[\\]\\\\^_`{|}~]+)|(?:^|\\s+|[!""#$№%&\\\'()*+,\\-./:;<=>?@\\[\\]\\\\^_`{|}~]+)флеру(?:$|\\s+|[!""#$№%&\\\'()*+,\\-./:;<=>?@\\[\\]\\\\^_`{|}~]+)|(?:^|\\s+|[!""#$№%&\\\'()*+,\\-./:;<=>?@\\[\\]\\\\^_`{|}~]+)флёры(?:$|\\s+|[!""#$№%&\\\'()*+,\\-./:;<=>?@\\[\\]\\\\^_`{|}~]+)|(?:^|\\s+|[!""#$№%&\\\'()*+,\\-./:;<=>?@\\[\\]\\\\^_`{|}~]+)флер(?:$|\\s+|[!""#$№%&\\\'()*+,\\-./:;<=>?@\\[\\]\\\\^_`{|}~]+)|(?:^|\\s+|[!""#$№%&\\\'()*+,\\-./:;<=>?@\\[\\]\\\\^_`{|}~]+)флёр(?:$|\\s+|[!""#$№%&\\\'()*+,\\-./:;<=>?@\\[\\]\\\\^_`{|}~]+))'}"
"{'token_text': 'душок', 'pattern': '(?:(?:^|\\s+|[!""#$№%&\\\'()*+,\\-./:;<=>?@\\[\\]\\\\^_`{|}~]+)душками(?:$|\\s+|[!""#$№%&\\\'()*+,\\-./:;<=>?@\\[\\]\\\\^_`{|}~]+)|(?:^|\\s+|[!""#$№%&\\\'()*+,\\-./:;<=>?@\\[\\]\\\\^_`{|}~]+)душков(?:$|\\s+|[!""#$№%&\\\'()*+,\\-./:;<=>?@\\[\\]\\\\^_`{|}~]+)|(?:^|\\s+|[!""#$№%&\\\'()*+,\\-./:;<=>?@\\[\\]\\\\^_`{|}~]+)душком(?:$|\\s+|[!""#$№%&\\\'()*+,\\-./:;<=>?@\\[\\]\\\\^_`{|}~]+)|(?:^|\\s+|[!""#$№%&\\\'()*+,\\-./:;<=>?@\\[\\]\\\\^_`{|}~]+)душках(?:$|\\s+|[!""#$№%&\\\'()*+,\\-./:;<=>?@\\[\\]\\\\^_`{|}~]+)|(?:^|\\s+|[!""#$№%&\\\'()*+,\\-./:;<=>?@\\[\\]\\\\^_`{|}~]+)душкам(?:$|\\s+|[!""#$№%&\\\'()*+,\\-./:;<=>?@\\[\\]\\\\^_`{|}~]+)|(?:^|\\s+|[!""#$№%&\\\'()*+,\\-./:;<=>?@\\[\\]\\\\^_`{|}~]+)душки(?:$|\\s+|[!""#$№%&\\\'()*+,\\-./:;<=>?@\\[\\]\\\\^_`{|}~]+)|(?:^|\\s+|[!""#$№%&\\\'()*+,\\-./:;<=>?@\\[\\]\\\\^_`{|}~]+)душке(?:$|\\s+|[!""#$№%&\\\'()*+,\\-./:;<=>?@\\[\\]\\\\^_`{|}~]+)|(?:^|\\s+|[!""#$№%&\\\'()*+,\\-./:;<=>?@\\[\\]\\\\^_`{|}~]+)душок(?:$|\\s+|[!""#$№%&\\\'()*+,\\-./:;<=>?@\\[\\]\\\\^_`{|}~]+)|(?:^|\\s+|[!""#$№%&\\\'()*+,\\-./:;<=>?@\\[\\]\\\\^_`{|}~]+)душка(?:$|\\s+|[!""#$№%&\\\'()*+,\\-./:;<=>?@\\[\\]\\\\^_`{|}~]+)|(?:^|\\s+|[!""#$№%&\\\'()*+,\\-./:;<=>?@\\[\\]\\\\^_`{|}~]+)душку(?:$|\\s+|[!""#$№%&\\\'()*+,\\-./:;<=>?@\\[\\]\\\\^_`{|}~]+))'}"
"{'token_text': 'потный', 'pattern': '(?:(?:^|\\s+|[!""#$№%&\\\'()*+,\\-./:;<=>?@\\[\\]\\\\^_`{|}~]+)потного(?:$|\\s+|[!""#$№%&\\\'()*+,\\-./:;<=>?@\\[\\]\\\\^_`{|}~]+)|(?:^|\\s+|[!""#$№%&\\\'()*+,\\-./:;<=>?@\\[\\]\\\\^_`{|}~]+)потными(?:$|\\s+|[!""#$№%&\\\'()*+,\\-./:;<=>?@\\[\\]\\\\^_`{|}~]+)|(?:^|\\s+|[!""#$№%&\\\'()*+,\\-./:;<=>?@\\[\\]\\\\^_`{|}~]+)потному(?:$|\\s+|[!""#$№%&\\\'()*+,\\-./:;<=>?@\\[\\]\\\\^_`{|}~]+)|(?:^|\\s+|[!""#$№%&\\\'()*+,\\-./:;<=>?@\\[\\]\\\\^_`{|}~]+)потный(?:$|\\s+|[!""#$№%&\\\'()*+,\\-./:;<=>?@\\[\\]\\\\^_`{|}~]+)|(?:^|\\s+|[!""#$№%&\\\'()*+,\\-./:;<=>?@\\[\\]\\\\^_`{|}~]+)потных(?:$|\\s+|[!""#$№%&\\\'()*+,\\-./:;<=>?@\\[\\]\\\\^_`{|}~]+)|(?:^|\\s+|[!""#$№%&\\\'()*+,\\-./:;<=>?@\\[\\]\\\\^_`{|}~]+)потную(?:$|\\s+|[!""#$№%&\\\'()*+,\\-./:;<=>?@\\[\\]\\\\^_`{|}~]+)|(?:^|\\s+|[!""#$№%&\\\'()*+,\\-./:;<=>?@\\[\\]\\\\^_`{|}~]+)потное(?:$|\\s+|[!""#$№%&\\\'()*+,\\-./:;<=>?@\\[\\]\\\\^_`{|}~]+)|(?:^|\\s+|[!""#$№%&\\\'()*+,\\-./:;<=>?@\\[\\]\\\\^_`{|}~]+)потной(?:$|\\s+|[!""#$№%&\\\'()*+,\\-./:;<=>?@\\[\\]\\\\^_`{|}~]+)|(?:^|\\s+|[!""#$№%&\\\'()*+,\\-./:;<=>?@\\[\\]\\\\^_`{|}~]+)потною(?:$|\\s+|[!""#$№%&\\\'()*+,\\-./:;<=>?@\\[\\]\\\\^_`{|}~]+)|(?:^|\\s+|[!""#$№%&\\\'()*+,\\-./:;<=>?@\\[\\]\\\\^_`{|}~]+)потным(?:$|\\s+|[!""#$№%&\\\'()*+,\\-./:;<=>?@\\[\\]\\\\^_`{|}~]+)|(?:^|\\s+|[!""#$№%&\\\'()*+,\\-./:;<=>?@\\[\\]\\\\^_`{|}~]+)потном(?:$|\\s+|[!""#$№%&\\\'()*+,\\-./:;<=>?@\\[\\]\\\\^_`{|}~]+)|(?:^|\\s+|[!""#$№%&\\\'()*+,\\-./:;<=>?@\\[\\]\\\\^_`{|}~]+)потная(?:$|\\s+|[!""#$№%&\\\'()*+,\\-./:;<=>?@\\[\\]\\\\^_`{|}~]+)|(?:^|\\s+|[!""#$№%&\\\'()*+,\\-./:;<=>?@\\[\\]\\\\^_`{|}~]+)потные(?:$|\\s+|[!""#$№%&\\\'()*+,\\-./:;<=>?@\\[\\]\\\\^_`{|}~]+))'}"
"{'token_text': 'дым', 'pattern': '(?:(?:^|\\s+|[!""#$№%&\\\'()*+,\\-./:;<=>?@\\[\\]\\\\^_`{|}~]+)дымами(?:$|\\s+|[!""#$№%&\\\'()*+,\\-./:;<=>?@\\[\\]\\\\^_`{|}~]+)|(?:^|\\s+|[!""#$№%&\\\'()*+,\\-./:;<=>?@\\[\\]\\\\^_`{|}~]+)дымов(?:$|\\s+|[!""#$№%&\\\'()*+,\\-./:;<=>?@\\[\\]\\\\^_`{|}~]+)|(?:^|\\s+|[!""#$№%&\\\'()*+,\\-./:;<=>?@\\[\\]\\\\^_`{|}~]+)дымам(?:$|\\s+|[!""#$№%&\\\'()*+,\\-./:;<=>?@\\[\\]\\\\^_`{|}~]+)|(?:^|\\s+|[!""#$№%&\\\'()*+,\\-./:;<=>?@\\[\\]\\\\^_`{|}~]+)дымах(?:$|\\s+|[!""#$№%&\\\'()*+,\\-./:;<=>?@\\[\\]\\\\^_`{|}~]+)|(?:^|\\s+|[!""#$№%&\\\'()*+,\\-./:;<=>?@\\[\\]\\\\^_`{|}~]+)дымом(?:$|\\s+|[!""#$№%&\\\'()*+,\\-./:;<=>?@\\[\\]\\\\^_`{|}~]+)|(?:^|\\s+|[!""#$№%&\\\'()*+,\\-./:;<=>?@\\[\\]\\\\^_`{|}~]+)дыме(?:$|\\s+|[!""#$№%&\\\'()*+,\\-./:;<=>?@\\[\\]\\\\^_`{|}~]+)|(?:^|\\s+|[!""#$№%&\\\'()*+,\\-./:;<=>?@\\[\\]\\\\^_`{|}~]+)дыма(?:$|\\s+|[!""#$№%&\\\'()*+,\\-./:;<=>?@\\[\\]\\\\^_`{|}~]+)|(?:^|\\s+|[!""#$№%&\\\'()*+,\\-./:;<=>?@\\[\\]\\\\^_`{|}~]+)дыму(?:$|\\s+|[!""#$№%&\\\'()*+,\\-./:;<=>?@\\[\\]\\\\^_`{|}~]+)|(?:^|\\s+|[!""#$№%&\\\'()*+,\\-./:;<=>?@\\[\\]\\\\^_`{|}~]+)дымы(?:$|\\s+|[!""#$№%&\\\'()*+,\\-./:;<=>?@\\[\\]\\\\^_`{|}~]+)|(?:^|\\s+|[!""#$№%&\\\'()*+,\\-./:;<=>?@\\[\\]\\\\^_`{|}~]+)дым(?:$|\\s+|[!""#$№%&\\\'()*+,\\-./:;<=>?@\\[\\]\\\\^_`{|}~]+))'}"
"{'token_text': 'ладан', 'pattern': '(?:(?:^|\\s+|[!""#$№%&\\\'()*+,\\-./:;<=>?@\\[\\]\\\\^_`{|}~]+)ладанами(?:$|\\s+|[!""#$№%&\\\'()*+,\\-./:;<=>?@\\[\\]\\\\^_`{|}~]+)|(?:^|\\s+|[!""#$№%&\\\'()*+,\\-./:;<=>?@\\[\\]\\\\^_`{|}~]+)ладанам(?:$|\\s+|[!""#$№%&\\\'()*+,\\-./:;<=>?@\\[\\]\\\\^_`{|}~]+)|(?:^|\\s+|[!""#$№%&\\\'()*+,\\-./:;<=>?@\\[\\]\\\\^_`{|}~]+)ладаном(?:$|\\s+|[!""#$№%&\\\'()*+,\\-./:;<=>?@\\[\\]\\\\^_`{|}~]+)|(?:^|\\s+|[!""#$№%&\\\'()*+,\\-./:;<=>?@\\[\\]\\\\^_`{|}~]+)ладанах(?:$|\\s+|[!""#$№%&\\\'()*+,\\-./:;<=>?@\\[\\]\\\\^_`{|}~]+)|(?:^|\\s+|[!""#$№%&\\\'()*+,\\-./:;<=>?@\\[\\]\\\\^_`{|}~]+)ладанов(?:$|\\s+|[!""#$№%&\\\'()*+,\\-./:;<=>?@\\[\\]\\\\^_`{|}~]+)|(?:^|\\s+|[!""#$№%&\\\'()*+,\\-./:;<=>?@\\[\\]\\\\^_`{|}~]+)ладане(?:$|\\s+|[!""#$№%&\\\'()*+,\\-./:;<=>?@\\[\\]\\\\^_`{|}~]+)|(?:^|\\s+|[!""#$№%&\\\'()*+,\\-./:;<=>?@\\[\\]\\\\^_`{|}~]+)ладаны(?:$|\\s+|[!""#$№%&\\\'()*+,\\-./:;<=>?@\\[\\]\\\\^_`{|}~]+)|(?:^|\\s+|[!""#$№%&\\\'()*+,\\-./:;<=>?@\\[\\]\\\\^_`{|}~]+)ладану(?:$|\\s+|[!""#$№%&\\\'()*+,\\-./:;<=>?@\\[\\]\\\\^_`{|}~]+)|(?:^|\\s+|[!""#$№%&\\\'()*+,\\-./:;<=>?@\\[\\]\\\\^_`{|}~]+)ладана(?:$|\\s+|[!""#$№%&\\\'()*+,\\-./:;<=>?@\\[\\]\\\\^_`{|}~]+)|(?:^|\\s+|[!""#$№%&\\\'()*+,\\-./:;<=>?@\\[\\]\\\\^_`{|}~]+)ладан(?:$|\\s+|[!""#$№%&\\\'()*+,\\-./:;<=>?@\\[\\]\\\\^_`{|}~]+))'}"
"{'token_text': 'фимиам', 'pattern': '(?:(?:^|\\s+|[!""#$№%&\\\'()*+,\\-./:;<=>?@\\[\\]\\\\^_`{|}~]+)фимиамами(?:$|\\s+|[!""#$№%&\\\'()*+,\\-./:;<=>?@\\[\\]\\\\^_`{|}~]+)|(?:^|\\s+|[!""#$№%&\\\'()*+,\\-./:;<=>?@\\[\\]\\\\^_`{|}~]+)фимиамом(?:$|\\s+|[!""#$№%&\\\'()*+,\\-./:;<=>?@\\[\\]\\\\^_`{|}~]+)|(?:^|\\s+|[!""#$№%&\\\'()*+,\\-./:;<=>?@\\[\\]\\\\^_`{|}~]+)фимиамов(?:$|\\s+|[!""#$№%&\\\'()*+,\\-./:;<=>?@\\[\\]\\\\^_`{|}~]+)|(?:^|\\s+|[!""#$№%&\\\'()*+,\\-./:;<=>?@\\[\\]\\\\^_`{|}~]+)фимиамам(?:$|\\s+|[!""#$№%&\\\'()*+,\\-./:;<=>?@\\[\\]\\\\^_`{|}~]+)|(?:^|\\s+|[!""#$№%&\\\'()*+,\\-./:;<=>?@\\[\\]\\\\^_`{|}~]+)фимиамах(?:$|\\s+|[!""#$№%&\\\'()*+,\\-./:;<=>?@\\[\\]\\\\^_`{|}~]+)|(?:^|\\s+|[!""#$№%&\\\'()*+,\\-./:;<=>?@\\[\\]\\\\^_`{|}~]+)фимиаме(?:$|\\s+|[!""#$№%&\\\'()*+,\\-./:;<=>?@\\[\\]\\\\^_`{|}~]+)|(?:^|\\s+|[!""#$№%&\\\'()*+,\\-./:;<=>?@\\[\\]\\\\^_`{|}~]+)фимиаму(?:$|\\s+|[!""#$№%&\\\'()*+,\\-./:;<=>?@\\[\\]\\\\^_`{|}~]+)|(?:^|\\s+|[!""#$№%&\\\'()*+,\\-./:;<=>?@\\[\\]\\\\^_`{|}~]+)фимиамы(?:$|\\s+|[!""#$№%&\\\'()*+,\\-./:;<=>?@\\[\\]\\\\^_`{|}~]+)|(?:^|\\s+|[!""#$№%&\\\'()*+,\\-./:;<=>?@\\[\\]\\\\^_`{|}~]+)фимиама(?:$|\\s+|[!""#$№%&\\\'()*+,\\-./:;<=>?@\\[\\]\\\\^_`{|}~]+)|(?:^|\\s+|[!""#$№%&\\\'()*+,\\-./:;<=>?@\\[\\]\\\\^_`{|}~]+)фимиам(?:$|\\s+|[!""#$№%&\\\'()*+,\\-./:;<=>?@\\[\\]\\\\^_`{|}~]+))'}"
"{'token_text': 'пованивать', 'pattern': '(?:(?:^|\\s+|[!""#$№%&\\\'()*+,\\-./:;<=>?@\\[\\]\\\\^_`{|}~]+)пованиваете(?:$|\\s+|[!""#$№%&\\\'()*+,\\-./:;<=>?@\\[\\]\\\\^_`{|}~]+)|(?:^|\\s+|[!""#$№%&\\\'()*+,\\-./:;<=>?@\\[\\]\\\\^_`{|}~]+)пованивайте(?:$|\\s+|[!""#$№%&\\\'()*+,\\-./:;<=>?@\\[\\]\\\\^_`{|}~]+)|(?:^|\\s+|[!""#$№%&\\\'()*+,\\-./:;<=>?@\\[\\]\\\\^_`{|}~]+)пованиваешь(?:$|\\s+|[!""#$№%&\\\'()*+,\\-./:;<=>?@\\[\\]\\\\^_`{|}~]+)|(?:^|\\s+|[!""#$№%&\\\'()*+,\\-./:;<=>?@\\[\\]\\\\^_`{|}~]+)пованивают(?:$|\\s+|[!""#$№%&\\\'()*+,\\-./:;<=>?@\\[\\]\\\\^_`{|}~]+)|(?:^|\\s+|[!""#$№%&\\\'()*+,\\-./:;<=>?@\\[\\]\\\\^_`{|}~]+)пованивала(?:$|\\s+|[!""#$№%&\\\'()*+,\\-./:;<=>?@\\[\\]\\\\^_`{|}~]+)|(?:^|\\s+|[!""#$№%&\\\'()*+,\\-./:;<=>?@\\[\\]\\\\^_`{|}~]+)пованивает(?:$|\\s+|[!""#$№%&\\\'()*+,\\-./:;<=>?@\\[\\]\\\\^_`{|}~]+)|(?:^|\\s+|[!""#$№%&\\\'()*+,\\-./:;<=>?@\\[\\]\\\\^_`{|}~]+)пованивать(?:$|\\s+|[!""#$№%&\\\'()*+,\\-./:;<=>?@\\[\\]\\\\^_`{|}~]+)|(?:^|\\s+|[!""#$№%&\\\'()*+,\\-./:;<=>?@\\[\\]\\\\^_`{|}~]+)пованивало(?:$|\\s+|[!""#$№%&\\\'()*+,\\-./:;<=>?@\\[\\]\\\\^_`{|}~]+)|(?:^|\\s+|[!""#$№%&\\\'()*+,\\-./:;<=>?@\\[\\]\\\\^_`{|}~]+)пованиваем(?:$|\\s+|[!""#$№%&\\\'()*+,\\-./:;<=>?@\\[\\]\\\\^_`{|}~]+)|(?:^|\\s+|[!""#$№%&\\\'()*+,\\-./:;<=>?@\\[\\]\\\\^_`{|}~]+)пованивали(?:$|\\s+|[!""#$№%&\\\'()*+,\\-./:;<=>?@\\[\\]\\\\^_`{|}~]+)|(?:^|\\s+|[!""#$№%&\\\'()*+,\\-./:;<=>?@\\[\\]\\\\^_`{|}~]+)пованивал(?:$|\\s+|[!""#$№%&\\\'()*+,\\-./:;<=>?@\\[\\]\\\\^_`{|}~]+)|(?:^|\\s+|[!""#$№%&\\\'()*+,\\-./:;<=>?@\\[\\]\\\\^_`{|}~]+)пованиваю(?:$|\\s+|[!""#$№%&\\\'()*+,\\-./:;<=>?@\\[\\]\\\\^_`{|}~]+)|(?:^|\\s+|[!""#$№%&\\\'()*+,\\-./:;<=>?@\\[\\]\\\\^_`{|}~]+)пованивай(?:$|\\s+|[!""#$№%&\\\'()*+,\\-./:;<=>?@\\[\\]\\\\^_`{|}~]+))'}"
"{'token_text': 'унюхивать', 'pattern': '(?:(?:^|\\s+|[!""#$№%&\\\'()*+,\\-./:;<=>?@\\[\\]\\\\^_`{|}~]+)унюхивайте(?:$|\\s+|[!""#$№%&\\\'()*+,\\-./:;<=>?@\\[\\]\\\\^_`{|}~]+)|(?:^|\\s+|[!""#$№%&\\\'()*+,\\-./:;<=>?@\\[\\]\\\\^_`{|}~]+)унюхиваешь(?:$|\\s+|[!""#$№%&\\\'()*+,\\-./:;<=>?@\\[\\]\\\\^_`{|}~]+)|(?:^|\\s+|[!""#$№%&\\\'()*+,\\-./:;<=>?@\\[\\]\\\\^_`{|}~]+)унюхиваете(?:$|\\s+|[!""#$№%&\\\'()*+,\\-./:;<=>?@\\[\\]\\\\^_`{|}~]+)|(?:^|\\s+|[!""#$№%&\\\'()*+,\\-./:;<=>?@\\[\\]\\\\^_`{|}~]+)унюхиваем(?:$|\\s+|[!""#$№%&\\\'()*+,\\-./:;<=>?@\\[\\]\\\\^_`{|}~]+)|(?:^|\\s+|[!""#$№%&\\\'()*+,\\-./:;<=>?@\\[\\]\\\\^_`{|}~]+)унюхивает(?:$|\\s+|[!""#$№%&\\\'()*+,\\-./:;<=>?@\\[\\]\\\\^_`{|}~]+)|(?:^|\\s+|[!""#$№%&\\\'()*+,\\-./:;<=>?@\\[\\]\\\\^_`{|}~]+)унюхивают(?:$|\\s+|[!""#$№%&\\\'()*+,\\-./:;<=>?@\\[\\]\\\\^_`{|}~]+)|(?:^|\\s+|[!""#$№%&\\\'()*+,\\-./:;<=>?@\\[\\]\\\\^_`{|}~]+)унюхивать(?:$|\\s+|[!""#$№%&\\\'()*+,\\-./:;<=>?@\\[\\]\\\\^_`{|}~]+)|(?:^|\\s+|[!""#$№%&\\\'()*+,\\-./:;<=>?@\\[\\]\\\\^_`{|}~]+)унюхивало(?:$|\\s+|[!""#$№%&\\\'()*+,\\-./:;<=>?@\\[\\]\\\\^_`{|}~]+)|(?:^|\\s+|[!""#$№%&\\\'()*+,\\-./:;<=>?@\\[\\]\\\\^_`{|}~]+)унюхивала(?:$|\\s+|[!""#$№%&\\\'()*+,\\-./:;<=>?@\\[\\]\\\\^_`{|}~]+)|(?:^|\\s+|[!""#$№%&\\\'()*+,\\-./:;<=>?@\\[\\]\\\\^_`{|}~]+)унюхивали(?:$|\\s+|[!""#$№%&\\\'()*+,\\-./:;<=>?@\\[\\]\\\\^_`{|}~]+)|(?:^|\\s+|[!""#$№%&\\\'()*+,\\-./:;<=>?@\\[\\]\\\\^_`{|}~]+)унюхивал(?:$|\\s+|[!""#$№%&\\\'()*+,\\-./:;<=>?@\\[\\]\\\\^_`{|}~]+)|(?:^|\\s+|[!""#$№%&\\\'()*+,\\-./:;<=>?@\\[\\]\\\\^_`{|}~]+)унюхиваю(?:$|\\s+|[!""#$№%&\\\'()*+,\\-./:;<=>?@\\[\\]\\\\^_`{|}~]+)|(?:^|\\s+|[!""#$№%&\\\'()*+,\\-./:;<=>?@\\[\\]\\\\^_`{|}~]+)унюхивай(?:$|\\s+|[!""#$№%&\\\'()*+,\\-./:;<=>?@\\[\\]\\\\^_`{|}~]+))'}"
"{'token_text': 'кислятина', 'pattern': '(?:(?:^|\\s+|[!""#$№%&\\\'()*+,\\-./:;<=>?@\\[\\]\\\\^_`{|}~]+)кислятинами(?:$|\\s+|[!""#$№%&\\\'()*+,\\-./:;<=>?@\\[\\]\\\\^_`{|}~]+)|(?:^|\\s+|[!""#$№%&\\\'()*+,\\-./:;<=>?@\\[\\]\\\\^_`{|}~]+)кислятинам(?:$|\\s+|[!""#$№%&\\\'()*+,\\-./:;<=>?@\\[\\]\\\\^_`{|}~]+)|(?:^|\\s+|[!""#$№%&\\\'()*+,\\-./:;<=>?@\\[\\]\\\\^_`{|}~]+)кислятинах(?:$|\\s+|[!""#$№%&\\\'()*+,\\-./:;<=>?@\\[\\]\\\\^_`{|}~]+)|(?:^|\\s+|[!""#$№%&\\\'()*+,\\-./:;<=>?@\\[\\]\\\\^_`{|}~]+)кислятиной(?:$|\\s+|[!""#$№%&\\\'()*+,\\-./:;<=>?@\\[\\]\\\\^_`{|}~]+)|(?:^|\\s+|[!""#$№%&\\\'()*+,\\-./:;<=>?@\\[\\]\\\\^_`{|}~]+)кислятиною(?:$|\\s+|[!""#$№%&\\\'()*+,\\-./:;<=>?@\\[\\]\\\\^_`{|}~]+)|(?:^|\\s+|[!""#$№%&\\\'()*+,\\-./:;<=>?@\\[\\]\\\\^_`{|}~]+)кислятине(?:$|\\s+|[!""#$№%&\\\'()*+,\\-./:;<=>?@\\[\\]\\\\^_`{|}~]+)|(?:^|\\s+|[!""#$№%&\\\'()*+,\\-./:;<=>?@\\[\\]\\\\^_`{|}~]+)кислятины(?:$|\\s+|[!""#$№%&\\\'()*+,\\-./:;<=>?@\\[\\]\\\\^_`{|}~]+)|(?:^|\\s+|[!""#$№%&\\\'()*+,\\-./:;<=>?@\\[\\]\\\\^_`{|}~]+)кислятина(?:$|\\s+|[!""#$№%&\\\'()*+,\\-./:;<=>?@\\[\\]\\\\^_`{|}~]+)|(?:^|\\s+|[!""#$№%&\\\'()*+,\\-./:;<=>?@\\[\\]\\\\^_`{|}~]+)кислятину(?:$|\\s+|[!""#$№%&\\\'()*+,\\-./:;<=>?@\\[\\]\\\\^_`{|}~]+)|(?:^|\\s+|[!""#$№%&\\\'()*+,\\-./:;<=>?@\\[\\]\\\\^_`{|}~]+)кислятин(?:$|\\s+|[!""#$№%&\\\'()*+,\\-./:;<=>?@\\[\\]\\\\^_`{|}~]+))'}"
"{'token_text': 'парфюм', 'pattern': '(?:(?:^|\\s+|[!""#$№%&\\\'()*+,\\-./:;<=>?@\\[\\]\\\\^_`{|}~]+)парфюмами(?:$|\\s+|[!""#$№%&\\\'()*+,\\-./:;<=>?@\\[\\]\\\\^_`{|}~]+)|(?:^|\\s+|[!""#$№%&\\\'()*+,\\-./:;<=>?@\\[\\]\\\\^_`{|}~]+)парфюмом(?:$|\\s+|[!""#$№%&\\\'()*+,\\-./:;<=>?@\\[\\]\\\\^_`{|}~]+)|(?:^|\\s+|[!""#$№%&\\\'()*+,\\-./:;<=>?@\\[\\]\\\\^_`{|}~]+)парфюмам(?:$|\\s+|[!""#$№%&\\\'()*+,\\-./:;<=>?@\\[\\]\\\\^_`{|}~]+)|(?:^|\\s+|[!""#$№%&\\\'()*+,\\-./:;<=>?@\\[\\]\\\\^_`{|}~]+)парфюмах(?:$|\\s+|[!""#$№%&\\\'()*+,\\-./:;<=>?@\\[\\]\\\\^_`{|}~]+)|(?:^|\\s+|[!""#$№%&\\\'()*+,\\-./:;<=>?@\\[\\]\\\\^_`{|}~]+)парфюмов(?:$|\\s+|[!""#$№%&\\\'()*+,\\-./:;<=>?@\\[\\]\\\\^_`{|}~]+)|(?:^|\\s+|[!""#$№%&\\\'()*+,\\-./:;<=>?@\\[\\]\\\\^_`{|}~]+)парфюма(?:$|\\s+|[!""#$№%&\\\'()*+,\\-./:;<=>?@\\[\\]\\\\^_`{|}~]+)|(?:^|\\s+|[!""#$№%&\\\'()*+,\\-./:;<=>?@\\[\\]\\\\^_`{|}~]+)парфюмы(?:$|\\s+|[!""#$№%&\\\'()*+,\\-./:;<=>?@\\[\\]\\\\^_`{|}~]+)|(?:^|\\s+|[!""#$№%&\\\'()*+,\\-./:;<=>?@\\[\\]\\\\^_`{|}~]+)парфюму(?:$|\\s+|[!""#$№%&\\\'()*+,\\-./:;<=>?@\\[\\]\\\\^_`{|}~]+)|(?:^|\\s+|[!""#$№%&\\\'()*+,\\-./:;<=>?@\\[\\]\\\\^_`{|}~]+)парфюме(?:$|\\s+|[!""#$№%&\\\'()*+,\\-./:;<=>?@\\[\\]\\\\^_`{|}~]+)|(?:^|\\s+|[!""#$№%&\\\'()*+,\\-./:;<=>?@\\[\\]\\\\^_`{|}~]+)парфюм(?:$|\\s+|[!""#$№%&\\\'()*+,\\-./:;<=>?@\\[\\]\\\\^_`{|}~]+))'}"
"{'token_text': 'благоухать', 'pattern': '(?:(?:^|\\s+|[!""#$№%&\\\'()*+,\\-./:;<=>?@\\[\\]\\\\^_`{|}~]+)благоухаете(?:$|\\s+|[!""#$№%&\\\'()*+,\\-./:;<=>?@\\[\\]\\\\^_`{|}~]+)|(?:^|\\s+|[!""#$№%&\\\'()*+,\\-./:;<=>?@\\[\\]\\\\^_`{|}~]+)благоухаешь(?:$|\\s+|[!""#$№%&\\\'()*+,\\-./:;<=>?@\\[\\]\\\\^_`{|}~]+)|(?:^|\\s+|[!""#$№%&\\\'()*+,\\-./:;<=>?@\\[\\]\\\\^_`{|}~]+)благоухайте(?:$|\\s+|[!""#$№%&\\\'()*+,\\-./:;<=>?@\\[\\]\\\\^_`{|}~]+)|(?:^|\\s+|[!""#$№%&\\\'()*+,\\-./:;<=>?@\\[\\]\\\\^_`{|}~]+)благоухаем(?:$|\\s+|[!""#$№%&\\\'()*+,\\-./:;<=>?@\\[\\]\\\\^_`{|}~]+)|(?:^|\\s+|[!""#$№%&\\\'()*+,\\-./:;<=>?@\\[\\]\\\\^_`{|}~]+)благоухает(?:$|\\s+|[!""#$№%&\\\'()*+,\\-./:;<=>?@\\[\\]\\\\^_`{|}~]+)|(?:^|\\s+|[!""#$№%&\\\'()*+,\\-./:;<=>?@\\[\\]\\\\^_`{|}~]+)благоухала(?:$|\\s+|[!""#$№%&\\\'()*+,\\-./:;<=>?@\\[\\]\\\\^_`{|}~]+)|(?:^|\\s+|[!""#$№%&\\\'()*+,\\-./:;<=>?@\\[\\]\\\\^_`{|}~]+)благоухало(?:$|\\s+|[!""#$№%&\\\'()*+,\\-./:;<=>?@\\[\\]\\\\^_`{|}~]+)|(?:^|\\s+|[!""#$№%&\\\'()*+,\\-./:;<=>?@\\[\\]\\\\^_`{|}~]+)благоухать(?:$|\\s+|[!""#$№%&\\\'()*+,\\-./:;<=>?@\\[\\]\\\\^_`{|}~]+)|(?:^|\\s+|[!""#$№%&\\\'()*+,\\-./:;<=>?@\\[\\]\\\\^_`{|}~]+)благоухают(?:$|\\s+|[!""#$№%&\\\'()*+,\\-./:;<=>?@\\[\\]\\\\^_`{|}~]+)|(?:^|\\s+|[!""#$№%&\\\'()*+,\\-./:;<=>?@\\[\\]\\\\^_`{|}~]+)благоухали(?:$|\\s+|[!""#$№%&\\\'()*+,\\-./:;<=>?@\\[\\]\\\\^_`{|}~]+)|(?:^|\\s+|[!""#$№%&\\\'()*+,\\-./:;<=>?@\\[\\]\\\\^_`{|}~]+)благоухай(?:$|\\s+|[!""#$№%&\\\'()*+,\\-./:;<=>?@\\[\\]\\\\^_`{|}~]+)|(?:^|\\s+|[!""#$№%&\\\'()*+,\\-./:;<=>?@\\[\\]\\\\^_`{|}~]+)благоухаю(?:$|\\s+|[!""#$№%&\\\'()*+,\\-./:;<=>?@\\[\\]\\\\^_`{|}~]+)|(?:^|\\s+|[!""#$№%&\\\'()*+,\\-./:;<=>?@\\[\\]\\\\^_`{|}~]+)благоухал(?:$|\\s+|[!""#$№%&\\\'()*+,\\-./:;<=>?@\\[\\]\\\\^_`{|}~]+))'}"
"{'token_text': 'навоз', 'pattern': '(?:(?:^|\\s+|[!""#$№%&\\\'()*+,\\-./:;<=>?@\\[\\]\\\\^_`{|}~]+)навозами(?:$|\\s+|[!""#$№%&\\\'()*+,\\-./:;<=>?@\\[\\]\\\\^_`{|}~]+)|(?:^|\\s+|[!""#$№%&\\\'()*+,\\-./:;<=>?@\\[\\]\\\\^_`{|}~]+)навозов(?:$|\\s+|[!""#$№%&\\\'()*+,\\-./:;<=>?@\\[\\]\\\\^_`{|}~]+)|(?:^|\\s+|[!""#$№%&\\\'()*+,\\-./:;<=>?@\\[\\]\\\\^_`{|}~]+)навозах(?:$|\\s+|[!""#$№%&\\\'()*+,\\-./:;<=>?@\\[\\]\\\\^_`{|}~]+)|(?:^|\\s+|[!""#$№%&\\\'()*+,\\-./:;<=>?@\\[\\]\\\\^_`{|}~]+)навозом(?:$|\\s+|[!""#$№%&\\\'()*+,\\-./:;<=>?@\\[\\]\\\\^_`{|}~]+)|(?:^|\\s+|[!""#$№%&\\\'()*+,\\-./:;<=>?@\\[\\]\\\\^_`{|}~]+)навозам(?:$|\\s+|[!""#$№%&\\\'()*+,\\-./:;<=>?@\\[\\]\\\\^_`{|}~]+)|(?:^|\\s+|[!""#$№%&\\\'()*+,\\-./:;<=>?@\\[\\]\\\\^_`{|}~]+)навозы(?:$|\\s+|[!""#$№%&\\\'()*+,\\-./:;<=>?@\\[\\]\\\\^_`{|}~]+)|(?:^|\\s+|[!""#$№%&\\\'()*+,\\-./:;<=>?@\\[\\]\\\\^_`{|}~]+)навозу(?:$|\\s+|[!""#$№%&\\\'()*+,\\-./:;<=>?@\\[\\]\\\\^_`{|}~]+)|(?:^|\\s+|[!""#$№%&\\\'()*+,\\-./:;<=>?@\\[\\]\\\\^_`{|}~]+)навоза(?:$|\\s+|[!""#$№%&\\\'()*+,\\-./:;<=>?@\\[\\]\\\\^_`{|}~]+)|(?:^|\\s+|[!""#$№%&\\\'()*+,\\-./:;<=>?@\\[\\]\\\\^_`{|}~]+)навозе(?:$|\\s+|[!""#$№%&\\\'()*+,\\-./:;<=>?@\\[\\]\\\\^_`{|}~]+)|(?:^|\\s+|[!""#$№%&\\\'()*+,\\-./:;<=>?@\\[\\]\\\\^_`{|}~]+)навоз(?:$|\\s+|[!""#$№%&\\\'()*+,\\-./:;<=>?@\\[\\]\\\\^_`{|}~]+))'}"
"{'token_text': 'разить', 'pattern': '(?:(?:^|\\s+|[!""#$№%&\\\'()*+,\\-./:;<=>?@\\[\\]\\\\^_`{|}~]+)разила(?:$|\\s+|[!""#$№%&\\\'()*+,\\-./:;<=>?@\\[\\]\\\\^_`{|}~]+)|(?:^|\\s+|[!""#$№%&\\\'()*+,\\-./:;<=>?@\\[\\]\\\\^_`{|}~]+)разишь(?:$|\\s+|[!""#$№%&\\\'()*+,\\-./:;<=>?@\\[\\]\\\\^_`{|}~]+)|(?:^|\\s+|[!""#$№%&\\\'()*+,\\-./:;<=>?@\\[\\]\\\\^_`{|}~]+)разило(?:$|\\s+|[!""#$№%&\\\'()*+,\\-./:;<=>?@\\[\\]\\\\^_`{|}~]+)|(?:^|\\s+|[!""#$№%&\\\'()*+,\\-./:;<=>?@\\[\\]\\\\^_`{|}~]+)разите(?:$|\\s+|[!""#$№%&\\\'()*+,\\-./:;<=>?@\\[\\]\\\\^_`{|}~]+)|(?:^|\\s+|[!""#$№%&\\\'()*+,\\-./:;<=>?@\\[\\]\\\\^_`{|}~]+)разить(?:$|\\s+|[!""#$№%&\\\'()*+,\\-./:;<=>?@\\[\\]\\\\^_`{|}~]+)|(?:^|\\s+|[!""#$№%&\\\'()*+,\\-./:;<=>?@\\[\\]\\\\^_`{|}~]+)разили(?:$|\\s+|[!""#$№%&\\\'()*+,\\-./:;<=>?@\\[\\]\\\\^_`{|}~]+)|(?:^|\\s+|[!""#$№%&\\\'()*+,\\-./:;<=>?@\\[\\]\\\\^_`{|}~]+)разит(?:$|\\s+|[!""#$№%&\\\'()*+,\\-./:;<=>?@\\[\\]\\\\^_`{|}~]+)|(?:^|\\s+|[!""#$№%&\\\'()*+,\\-./:;<=>?@\\[\\]\\\\^_`{|}~]+)разим(?:$|\\s+|[!""#$№%&\\\'()*+,\\-./:;<=>?@\\[\\]\\\\^_`{|}~]+)|(?:^|\\s+|[!""#$№%&\\\'()*+,\\-./:;<=>?@\\[\\]\\\\^_`{|}~]+)разят(?:$|\\s+|[!""#$№%&\\\'()*+,\\-./:;<=>?@\\[\\]\\\\^_`{|}~]+)|(?:^|\\s+|[!""#$№%&\\\'()*+,\\-./:;<=>?@\\[\\]\\\\^_`{|}~]+)разил(?:$|\\s+|[!""#$№%&\\\'()*+,\\-./:;<=>?@\\[\\]\\\\^_`{|}~]+)|(?:^|\\s+|[!""#$№%&\\\'()*+,\\-./:;<=>?@\\[\\]\\\\^_`{|}~]+)ражу(?:$|\\s+|[!""#$№%&\\\'()*+,\\-./:;<=>?@\\[\\]\\\\^_`{|}~]+)|(?:^|\\s+|[!""#$№%&\\\'()*+,\\-./:;<=>?@\\[\\]\\\\^_`{|}~]+)рази(?:$|\\s+|[!""#$№%&\\\'()*+,\\-./:;<=>?@\\[\\]\\\\^_`{|}~]+))'}"
"{'token_text': 'обонять', 'pattern': '(?:(?:^|\\s+|[!""#$№%&\\\'()*+,\\-./:;<=>?@\\[\\]\\\\^_`{|}~]+)обоняйте(?:$|\\s+|[!""#$№%&\\\'()*+,\\-./:;<=>?@\\[\\]\\\\^_`{|}~]+)|(?:^|\\s+|[!""#$№%&\\\'()*+,\\-./:;<=>?@\\[\\]\\\\^_`{|}~]+)обоняешь(?:$|\\s+|[!""#$№%&\\\'()*+,\\-./:;<=>?@\\[\\]\\\\^_`{|}~]+)|(?:^|\\s+|[!""#$№%&\\\'()*+,\\-./:;<=>?@\\[\\]\\\\^_`{|}~]+)обоняете(?:$|\\s+|[!""#$№%&\\\'()*+,\\-./:;<=>?@\\[\\]\\\\^_`{|}~]+)|(?:^|\\s+|[!""#$№%&\\\'()*+,\\-./:;<=>?@\\[\\]\\\\^_`{|}~]+)обоняли(?:$|\\s+|[!""#$№%&\\\'()*+,\\-./:;<=>?@\\[\\]\\\\^_`{|}~]+)|(?:^|\\s+|[!""#$№%&\\\'()*+,\\-./:;<=>?@\\[\\]\\\\^_`{|}~]+)обоняет(?:$|\\s+|[!""#$№%&\\\'()*+,\\-./:;<=>?@\\[\\]\\\\^_`{|}~]+)|(?:^|\\s+|[!""#$№%&\\\'()*+,\\-./:;<=>?@\\[\\]\\\\^_`{|}~]+)обоняют(?:$|\\s+|[!""#$№%&\\\'()*+,\\-./:;<=>?@\\[\\]\\\\^_`{|}~]+)|(?:^|\\s+|[!""#$№%&\\\'()*+,\\-./:;<=>?@\\[\\]\\\\^_`{|}~]+)обоняло(?:$|\\s+|[!""#$№%&\\\'()*+,\\-./:;<=>?@\\[\\]\\\\^_`{|}~]+)|(?:^|\\s+|[!""#$№%&\\\'()*+,\\-./:;<=>?@\\[\\]\\\\^_`{|}~]+)обоняла(?:$|\\s+|[!""#$№%&\\\'()*+,\\-./:;<=>?@\\[\\]\\\\^_`{|}~]+)|(?:^|\\s+|[!""#$№%&\\\'()*+,\\-./:;<=>?@\\[\\]\\\\^_`{|}~]+)обоняем(?:$|\\s+|[!""#$№%&\\\'()*+,\\-./:;<=>?@\\[\\]\\\\^_`{|}~]+)|(?:^|\\s+|[!""#$№%&\\\'()*+,\\-./:;<=>?@\\[\\]\\\\^_`{|}~]+)обонять(?:$|\\s+|[!""#$№%&\\\'()*+,\\-./:;<=>?@\\[\\]\\\\^_`{|}~]+)|(?:^|\\s+|[!""#$№%&\\\'()*+,\\-./:;<=>?@\\[\\]\\\\^_`{|}~]+)обоняй(?:$|\\s+|[!""#$№%&\\\'()*+,\\-./:;<=>?@\\[\\]\\\\^_`{|}~]+)|(?:^|\\s+|[!""#$№%&\\\'()*+,\\-./:;<=>?@\\[\\]\\\\^_`{|}~]+)обонял(?:$|\\s+|[!""#$№%&\\\'()*+,\\-./:;<=>?@\\[\\]\\\\^_`{|}~]+)|(?:^|\\s+|[!""#$№%&\\\'()*+,\\-./:;<=>?@\\[\\]\\\\^_`{|}~]+)обоняю(?:$|\\s+|[!""#$№%&\\\'()*+,\\-./:;<=>?@\\[\\]\\\\^_`{|}~]+))'}"
"{'token_text': 'мускус', 'pattern': '(?:(?:^|\\s+|[!""#$№%&\\\'()*+,\\-./:;<=>?@\\[\\]\\\\^_`{|}~]+)мускусами(?:$|\\s+|[!""#$№%&\\\'()*+,\\-./:;<=>?@\\[\\]\\\\^_`{|}~]+)|(?:^|\\s+|[!""#$№%&\\\'()*+,\\-./:;<=>?@\\[\\]\\\\^_`{|}~]+)мускусам(?:$|\\s+|[!""#$№%&\\\'()*+,\\-./:;<=>?@\\[\\]\\\\^_`{|}~]+)|(?:^|\\s+|[!""#$№%&\\\'()*+,\\-./:;<=>?@\\[\\]\\\\^_`{|}~]+)мускусов(?:$|\\s+|[!""#$№%&\\\'()*+,\\-./:;<=>?@\\[\\]\\\\^_`{|}~]+)|(?:^|\\s+|[!""#$№%&\\\'()*+,\\-./:;<=>?@\\[\\]\\\\^_`{|}~]+)мускусом(?:$|\\s+|[!""#$№%&\\\'()*+,\\-./:;<=>?@\\[\\]\\\\^_`{|}~]+)|(?:^|\\s+|[!""#$№%&\\\'()*+,\\-./:;<=>?@\\[\\]\\\\^_`{|}~]+)мускусах(?:$|\\s+|[!""#$№%&\\\'()*+,\\-./:;<=>?@\\[\\]\\\\^_`{|}~]+)|(?:^|\\s+|[!""#$№%&\\\'()*+,\\-./:;<=>?@\\[\\]\\\\^_`{|}~]+)мускусу(?:$|\\s+|[!""#$№%&\\\'()*+,\\-./:;<=>?@\\[\\]\\\\^_`{|}~]+)|(?:^|\\s+|[!""#$№%&\\\'()*+,\\-./:;<=>?@\\[\\]\\\\^_`{|}~]+)мускусы(?:$|\\s+|[!""#$№%&\\\'()*+,\\-./:;<=>?@\\[\\]\\\\^_`{|}~]+)|(?:^|\\s+|[!""#$№%&\\\'()*+,\\-./:;<=>?@\\[\\]\\\\^_`{|}~]+)мускуса(?:$|\\s+|[!""#$№%&\\\'()*+,\\-./:;<=>?@\\[\\]\\\\^_`{|}~]+)|(?:^|\\s+|[!""#$№%&\\\'()*+,\\-./:;<=>?@\\[\\]\\\\^_`{|}~]+)мускусе(?:$|\\s+|[!""#$№%&\\\'()*+,\\-./:;<=>?@\\[\\]\\\\^_`{|}~]+)|(?:^|\\s+|[!""#$№%&\\\'()*+,\\-./:;<=>?@\\[\\]\\\\^_`{|}~]+)мускус(?:$|\\s+|[!""#$№%&\\\'()*+,\\-./:;<=>?@\\[\\]\\\\^_`{|}~]+))'}"
"{'token_text': 'затхлость', 'pattern': '(?:(?:^|\\s+|[!""#$№%&\\\'()*+,\\-./:;<=>?@\\[\\]\\\\^_`{|}~]+)затхлостями(?:$|\\s+|[!""#$№%&\\\'()*+,\\-./:;<=>?@\\[\\]\\\\^_`{|}~]+)|(?:^|\\s+|[!""#$№%&\\\'()*+,\\-./:;<=>?@\\[\\]\\\\^_`{|}~]+)затхлостью(?:$|\\s+|[!""#$№%&\\\'()*+,\\-./:;<=>?@\\[\\]\\\\^_`{|}~]+)|(?:^|\\s+|[!""#$№%&\\\'()*+,\\-./:;<=>?@\\[\\]\\\\^_`{|}~]+)затхлостях(?:$|\\s+|[!""#$№%&\\\'()*+,\\-./:;<=>?@\\[\\]\\\\^_`{|}~]+)|(?:^|\\s+|[!""#$№%&\\\'()*+,\\-./:;<=>?@\\[\\]\\\\^_`{|}~]+)затхлостей(?:$|\\s+|[!""#$№%&\\\'()*+,\\-./:;<=>?@\\[\\]\\\\^_`{|}~]+)|(?:^|\\s+|[!""#$№%&\\\'()*+,\\-./:;<=>?@\\[\\]\\\\^_`{|}~]+)затхлостям(?:$|\\s+|[!""#$№%&\\\'()*+,\\-./:;<=>?@\\[\\]\\\\^_`{|}~]+)|(?:^|\\s+|[!""#$№%&\\\'()*+,\\-./:;<=>?@\\[\\]\\\\^_`{|}~]+)затхлость(?:$|\\s+|[!""#$№%&\\\'()*+,\\-./:;<=>?@\\[\\]\\\\^_`{|}~]+)|(?:^|\\s+|[!""#$№%&\\\'()*+,\\-./:;<=>?@\\[\\]\\\\^_`{|}~]+)затхлости(?:$|\\s+|[!""#$№%&\\\'()*+,\\-./:;<=>?@\\[\\]\\\\^_`{|}~]+))'}"
"{'token_text': 'чадо', 'pattern': '(?:(?:^|\\s+|[!""#$№%&\\\'()*+,\\-./:;<=>?@\\[\\]\\\\^_`{|}~]+)чадами(?:$|\\s+|[!""#$№%&\\\'()*+,\\-./:;<=>?@\\[\\]\\\\^_`{|}~]+)|(?:^|\\s+|[!""#$№%&\\\'()*+,\\-./:;<=>?@\\[\\]\\\\^_`{|}~]+)чадом(?:$|\\s+|[!""#$№%&\\\'()*+,\\-./:;<=>?@\\[\\]\\\\^_`{|}~]+)|(?:^|\\s+|[!""#$№%&\\\'()*+,\\-./:;<=>?@\\[\\]\\\\^_`{|}~]+)чадам(?:$|\\s+|[!""#$№%&\\\'()*+,\\-./:;<=>?@\\[\\]\\\\^_`{|}~]+)|(?:^|\\s+|[!""#$№%&\\\'()*+,\\-./:;<=>?@\\[\\]\\\\^_`{|}~]+)чадах(?:$|\\s+|[!""#$№%&\\\'()*+,\\-./:;<=>?@\\[\\]\\\\^_`{|}~]+)|(?:^|\\s+|[!""#$№%&\\\'()*+,\\-./:;<=>?@\\[\\]\\\\^_`{|}~]+)чаду(?:$|\\s+|[!""#$№%&\\\'()*+,\\-./:;<=>?@\\[\\]\\\\^_`{|}~]+)|(?:^|\\s+|[!""#$№%&\\\'()*+,\\-./:;<=>?@\\[\\]\\\\^_`{|}~]+)чаде(?:$|\\s+|[!""#$№%&\\\'()*+,\\-./:;<=>?@\\[\\]\\\\^_`{|}~]+)|(?:^|\\s+|[!""#$№%&\\\'()*+,\\-./:;<=>?@\\[\\]\\\\^_`{|}~]+)чадо(?:$|\\s+|[!""#$№%&\\\'()*+,\\-./:;<=>?@\\[\\]\\\\^_`{|}~]+)|(?:^|\\s+|[!""#$№%&\\\'()*+,\\-./:;<=>?@\\[\\]\\\\^_`{|}~]+)чада(?:$|\\s+|[!""#$№%&\\\'()*+,\\-./:;<=>?@\\[\\]\\\\^_`{|}~]+)|(?:^|\\s+|[!""#$№%&\\\'()*+,\\-./:;<=>?@\\[\\]\\\\^_`{|}~]+)чад(?:$|\\s+|[!""#$№%&\\\'()*+,\\-./:;<=>?@\\[\\]\\\\^_`{|}~]+))'}"
"{'token_text': 'шлейф', 'pattern': '(?:(?:^|\\s+|[!""#$№%&\\\'()*+,\\-./:;<=>?@\\[\\]\\\\^_`{|}~]+)шлейфами(?:$|\\s+|[!""#$№%&\\\'()*+,\\-./:;<=>?@\\[\\]\\\\^_`{|}~]+)|(?:^|\\s+|[!""#$№%&\\\'()*+,\\-./:;<=>?@\\[\\]\\\\^_`{|}~]+)шлейфам(?:$|\\s+|[!""#$№%&\\\'()*+,\\-./:;<=>?@\\[\\]\\\\^_`{|}~]+)|(?:^|\\s+|[!""#$№%&\\\'()*+,\\-./:;<=>?@\\[\\]\\\\^_`{|}~]+)шлейфов(?:$|\\s+|[!""#$№%&\\\'()*+,\\-./:;<=>?@\\[\\]\\\\^_`{|}~]+)|(?:^|\\s+|[!""#$№%&\\\'()*+,\\-./:;<=>?@\\[\\]\\\\^_`{|}~]+)шлейфом(?:$|\\s+|[!""#$№%&\\\'()*+,\\-./:;<=>?@\\[\\]\\\\^_`{|}~]+)|(?:^|\\s+|[!""#$№%&\\\'()*+,\\-./:;<=>?@\\[\\]\\\\^_`{|}~]+)шлейфах(?:$|\\s+|[!""#$№%&\\\'()*+,\\-./:;<=>?@\\[\\]\\\\^_`{|}~]+)|(?:^|\\s+|[!""#$№%&\\\'()*+,\\-./:;<=>?@\\[\\]\\\\^_`{|}~]+)шлейфе(?:$|\\s+|[!""#$№%&\\\'()*+,\\-./:;<=>?@\\[\\]\\\\^_`{|}~]+)|(?:^|\\s+|[!""#$№%&\\\'()*+,\\-./:;<=>?@\\[\\]\\\\^_`{|}~]+)шлейфа(?:$|\\s+|[!""#$№%&\\\'()*+,\\-./:;<=>?@\\[\\]\\\\^_`{|}~]+)|(?:^|\\s+|[!""#$№%&\\\'()*+,\\-./:;<=>?@\\[\\]\\\\^_`{|}~]+)шлейфы(?:$|\\s+|[!""#$№%&\\\'()*+,\\-./:;<=>?@\\[\\]\\\\^_`{|}~]+)|(?:^|\\s+|[!""#$№%&\\\'()*+,\\-./:;<=>?@\\[\\]\\\\^_`{|}~]+)шлейфу(?:$|\\s+|[!""#$№%&\\\'()*+,\\-./:;<=>?@\\[\\]\\\\^_`{|}~]+)|(?:^|\\s+|[!""#$№%&\\\'()*+,\\-./:;<=>?@\\[\\]\\\\^_`{|}~]+)шлейф(?:$|\\s+|[!""#$№%&\\\'()*+,\\-./:;<=>?@\\[\\]\\\\^_`{|}~]+))'}"
"{'token_text': 'пахнуть', 'pattern': '(?:(?:^|\\s+|[!""#$№%&\\\'()*+,\\-./:;<=>?@\\[\\]\\\\^_`{|}~]+)пахнёмте(?:$|\\s+|[!""#$№%&\\\'()*+,\\-./:;<=>?@\\[\\]\\\\^_`{|}~]+)|(?:^|\\s+|[!""#$№%&\\\'()*+,\\-./:;<=>?@\\[\\]\\\\^_`{|}~]+)пахнёшь(?:$|\\s+|[!""#$№%&\\\'()*+,\\-./:;<=>?@\\[\\]\\\\^_`{|}~]+)|(?:^|\\s+|[!""#$№%&\\\'()*+,\\-./:;<=>?@\\[\\]\\\\^_`{|}~]+)пахнёте(?:$|\\s+|[!""#$№%&\\\'()*+,\\-./:;<=>?@\\[\\]\\\\^_`{|}~]+)|(?:^|\\s+|[!""#$№%&\\\'()*+,\\-./:;<=>?@\\[\\]\\\\^_`{|}~]+)пахните(?:$|\\s+|[!""#$№%&\\\'()*+,\\-./:;<=>?@\\[\\]\\\\^_`{|}~]+)|(?:^|\\s+|[!""#$№%&\\\'()*+,\\-./:;<=>?@\\[\\]\\\\^_`{|}~]+)пахнешь(?:$|\\s+|[!""#$№%&\\\'()*+,\\-./:;<=>?@\\[\\]\\\\^_`{|}~]+)|(?:^|\\s+|[!""#$№%&\\\'()*+,\\-./:;<=>?@\\[\\]\\\\^_`{|}~]+)пахнула(?:$|\\s+|[!""#$№%&\\\'()*+,\\-./:;<=>?@\\[\\]\\\\^_`{|}~]+)|(?:^|\\s+|[!""#$№%&\\\'()*+,\\-./:;<=>?@\\[\\]\\\\^_`{|}~]+)пахнуть(?:$|\\s+|[!""#$№%&\\\'()*+,\\-./:;<=>?@\\[\\]\\\\^_`{|}~]+)|(?:^|\\s+|[!""#$№%&\\\'()*+,\\-./:;<=>?@\\[\\]\\\\^_`{|}~]+)пахнули(?:$|\\s+|[!""#$№%&\\\'()*+,\\-./:;<=>?@\\[\\]\\\\^_`{|}~]+)|(?:^|\\s+|[!""#$№%&\\\'()*+,\\-./:;<=>?@\\[\\]\\\\^_`{|}~]+)пахнете(?:$|\\s+|[!""#$№%&\\\'()*+,\\-./:;<=>?@\\[\\]\\\\^_`{|}~]+)|(?:^|\\s+|[!""#$№%&\\\'()*+,\\-./:;<=>?@\\[\\]\\\\^_`{|}~]+)пахнуло(?:$|\\s+|[!""#$№%&\\\'()*+,\\-./:;<=>?@\\[\\]\\\\^_`{|}~]+)|(?:^|\\s+|[!""#$№%&\\\'()*+,\\-./:;<=>?@\\[\\]\\\\^_`{|}~]+)пахнул(?:$|\\s+|[!""#$№%&\\\'()*+,\\-./:;<=>?@\\[\\]\\\\^_`{|}~]+)|(?:^|\\s+|[!""#$№%&\\\'()*+,\\-./:;<=>?@\\[\\]\\\\^_`{|}~]+)пахнём(?:$|\\s+|[!""#$№%&\\\'()*+,\\-./:;<=>?@\\[\\]\\\\^_`{|}~]+)|(?:^|\\s+|[!""#$№%&\\\'()*+,\\-./:;<=>?@\\[\\]\\\\^_`{|}~]+)пахнем(?:$|\\s+|[!""#$№%&\\\'()*+,\\-./:;<=>?@\\[\\]\\\\^_`{|}~]+)|(?:^|\\s+|[!""#$№%&\\\'()*+,\\-./:;<=>?@\\[\\]\\\\^_`{|}~]+)пахнет(?:$|\\s+|[!""#$№%&\\\'()*+,\\-./:;<=>?@\\[\\]\\\\^_`{|}~]+)|(?:^|\\s+|[!""#$№%&\\\'()*+,\\-./:;<=>?@\\[\\]\\\\^_`{|}~]+)пахнут(?:$|\\s+|[!""#$№%&\\\'()*+,\\-./:;<=>?@\\[\\]\\\\^_`{|}~]+)|(?:^|\\s+|[!""#$№%&\\\'()*+,\\-./:;<=>?@\\[\\]\\\\^_`{|}~]+)пахнёт(?:$|\\s+|[!""#$№%&\\\'()*+,\\-./:;<=>?@\\[\\]\\\\^_`{|}~]+)|(?:^|\\s+|[!""#$№%&\\\'()*+,\\-./:;<=>?@\\[\\]\\\\^_`{|}~]+)пахла(?:$|\\s+|[!""#$№%&\\\'()*+,\\-./:;<=>?@\\[\\]\\\\^_`{|}~]+)|(?:^|\\s+|[!""#$№%&\\\'()*+,\\-./:;<=>?@\\[\\]\\\\^_`{|}~]+)пахли(?:$|\\s+|[!""#$№%&\\\'()*+,\\-./:;<=>?@\\[\\]\\\\^_`{|}~]+)|(?:^|\\s+|[!""#$№%&\\\'()*+,\\-./:;<=>?@\\[\\]\\\\^_`{|}~]+)пахло(?:$|\\s+|[!""#$№%&\\\'()*+,\\-./:;<=>?@\\[\\]\\\\^_`{|}~]+)|(?:^|\\s+|[!""#$№%&\\\'()*+,\\-./:;<=>?@\\[\\]\\\\^_`{|}~]+)пахну(?:$|\\s+|[!""#$№%&\\\'()*+,\\-./:;<=>?@\\[\\]\\\\^_`{|}~]+)|(?:^|\\s+|[!""#$№%&\\\'()*+,\\-./:;<=>?@\\[\\]\\\\^_`{|}~]+)пахни(?:$|\\s+|[!""#$№%&\\\'()*+,\\-./:;<=>?@\\[\\]\\\\^_`{|}~]+)|(?:^|\\s+|[!""#$№%&\\\'()*+,\\-./:;<=>?@\\[\\]\\\\^_`{|}~]+)пах(?:$|\\s+|[!""#$№%&\\\'()*+,\\-./:;<=>?@\\[\\]\\\\^_`{|}~]+))'}"
"{'token_text': 'испарение', 'pattern': '(?:(?:^|\\s+|[!""#$№%&\\\'()*+,\\-./:;<=>?@\\[\\]\\\\^_`{|}~]+)испареньями(?:$|\\s+|[!""#$№%&\\\'()*+,\\-./:;<=>?@\\[\\]\\\\^_`{|}~]+)|(?:^|\\s+|[!""#$№%&\\\'()*+,\\-./:;<=>?@\\[\\]\\\\^_`{|}~]+)испарениями(?:$|\\s+|[!""#$№%&\\\'()*+,\\-./:;<=>?@\\[\\]\\\\^_`{|}~]+)|(?:^|\\s+|[!""#$№%&\\\'()*+,\\-./:;<=>?@\\[\\]\\\\^_`{|}~]+)испарением(?:$|\\s+|[!""#$№%&\\\'()*+,\\-./:;<=>?@\\[\\]\\\\^_`{|}~]+)|(?:^|\\s+|[!""#$№%&\\\'()*+,\\-./:;<=>?@\\[\\]\\\\^_`{|}~]+)испарениям(?:$|\\s+|[!""#$№%&\\\'()*+,\\-./:;<=>?@\\[\\]\\\\^_`{|}~]+)|(?:^|\\s+|[!""#$№%&\\\'()*+,\\-./:;<=>?@\\[\\]\\\\^_`{|}~]+)испареньях(?:$|\\s+|[!""#$№%&\\\'()*+,\\-./:;<=>?@\\[\\]\\\\^_`{|}~]+)|(?:^|\\s+|[!""#$№%&\\\'()*+,\\-./:;<=>?@\\[\\]\\\\^_`{|}~]+)испареньям(?:$|\\s+|[!""#$№%&\\\'()*+,\\-./:;<=>?@\\[\\]\\\\^_`{|}~]+)|(?:^|\\s+|[!""#$№%&\\\'()*+,\\-./:;<=>?@\\[\\]\\\\^_`{|}~]+)испарениях(?:$|\\s+|[!""#$№%&\\\'()*+,\\-./:;<=>?@\\[\\]\\\\^_`{|}~]+)|(?:^|\\s+|[!""#$№%&\\\'()*+,\\-./:;<=>?@\\[\\]\\\\^_`{|}~]+)испареньем(?:$|\\s+|[!""#$№%&\\\'()*+,\\-./:;<=>?@\\[\\]\\\\^_`{|}~]+)|(?:^|\\s+|[!""#$№%&\\\'()*+,\\-./:;<=>?@\\[\\]\\\\^_`{|}~]+)испаренье(?:$|\\s+|[!""#$№%&\\\'()*+,\\-./:;<=>?@\\[\\]\\\\^_`{|}~]+)|(?:^|\\s+|[!""#$№%&\\\'()*+,\\-./:;<=>?@\\[\\]\\\\^_`{|}~]+)испарений(?:$|\\s+|[!""#$№%&\\\'()*+,\\-./:;<=>?@\\[\\]\\\\^_`{|}~]+)|(?:^|\\s+|[!""#$№%&\\\'()*+,\\-./:;<=>?@\\[\\]\\\\^_`{|}~]+)испаренья(?:$|\\s+|[!""#$№%&\\\'()*+,\\-./:;<=>?@\\[\\]\\\\^_`{|}~]+)|(?:^|\\s+|[!""#$№%&\\\'()*+,\\-./:;<=>?@\\[\\]\\\\^_`{|}~]+)испарению(?:$|\\s+|[!""#$№%&\\\'()*+,\\-./:;<=>?@\\[\\]\\\\^_`{|}~]+)|(?:^|\\s+|[!""#$№%&\\\'()*+,\\-./:;<=>?@\\[\\]\\\\^_`{|}~]+)испареньи(?:$|\\s+|[!""#$№%&\\\'()*+,\\-./:;<=>?@\\[\\]\\\\^_`{|}~]+)|(?:^|\\s+|[!""#$№%&\\\'()*+,\\-./:;<=>?@\\[\\]\\\\^_`{|}~]+)испарение(?:$|\\s+|[!""#$№%&\\\'()*+,\\-./:;<=>?@\\[\\]\\\\^_`{|}~]+)|(?:^|\\s+|[!""#$№%&\\\'()*+,\\-./:;<=>?@\\[\\]\\\\^_`{|}~]+)испарении(?:$|\\s+|[!""#$№%&\\\'()*+,\\-./:;<=>?@\\[\\]\\\\^_`{|}~]+)|(?:^|\\s+|[!""#$№%&\\\'()*+,\\-./:;<=>?@\\[\\]\\\\^_`{|}~]+)испарения(?:$|\\s+|[!""#$№%&\\\'()*+,\\-./:;<=>?@\\[\\]\\\\^_`{|}~]+)|(?:^|\\s+|[!""#$№%&\\\'()*+,\\-./:;<=>?@\\[\\]\\\\^_`{|}~]+)испаренью(?:$|\\s+|[!""#$№%&\\\'()*+,\\-./:;<=>?@\\[\\]\\\\^_`{|}~]+))'}"
"{'token_text': 'смрад', 'pattern': '(?:(?:^|\\s+|[!""#$№%&\\\'()*+,\\-./:;<=>?@\\[\\]\\\\^_`{|}~]+)смрадами(?:$|\\s+|[!""#$№%&\\\'()*+,\\-./:;<=>?@\\[\\]\\\\^_`{|}~]+)|(?:^|\\s+|[!""#$№%&\\\'()*+,\\-./:;<=>?@\\[\\]\\\\^_`{|}~]+)смрадом(?:$|\\s+|[!""#$№%&\\\'()*+,\\-./:;<=>?@\\[\\]\\\\^_`{|}~]+)|(?:^|\\s+|[!""#$№%&\\\'()*+,\\-./:;<=>?@\\[\\]\\\\^_`{|}~]+)смрадов(?:$|\\s+|[!""#$№%&\\\'()*+,\\-./:;<=>?@\\[\\]\\\\^_`{|}~]+)|(?:^|\\s+|[!""#$№%&\\\'()*+,\\-./:;<=>?@\\[\\]\\\\^_`{|}~]+)смрадах(?:$|\\s+|[!""#$№%&\\\'()*+,\\-./:;<=>?@\\[\\]\\\\^_`{|}~]+)|(?:^|\\s+|[!""#$№%&\\\'()*+,\\-./:;<=>?@\\[\\]\\\\^_`{|}~]+)смрадам(?:$|\\s+|[!""#$№%&\\\'()*+,\\-./:;<=>?@\\[\\]\\\\^_`{|}~]+)|(?:^|\\s+|[!""#$№%&\\\'()*+,\\-./:;<=>?@\\[\\]\\\\^_`{|}~]+)смрада(?:$|\\s+|[!""#$№%&\\\'()*+,\\-./:;<=>?@\\[\\]\\\\^_`{|}~]+)|(?:^|\\s+|[!""#$№%&\\\'()*+,\\-./:;<=>?@\\[\\]\\\\^_`{|}~]+)смрады(?:$|\\s+|[!""#$№%&\\\'()*+,\\-./:;<=>?@\\[\\]\\\\^_`{|}~]+)|(?:^|\\s+|[!""#$№%&\\\'()*+,\\-./:;<=>?@\\[\\]\\\\^_`{|}~]+)смраду(?:$|\\s+|[!""#$№%&\\\'()*+,\\-./:;<=>?@\\[\\]\\\\^_`{|}~]+)|(?:^|\\s+|[!""#$№%&\\\'()*+,\\-./:;<=>?@\\[\\]\\\\^_`{|}~]+)смраде(?:$|\\s+|[!""#$№%&\\\'()*+,\\-./:;<=>?@\\[\\]\\\\^_`{|}~]+)|(?:^|\\s+|[!""#$№%&\\\'()*+,\\-./:;<=>?@\\[\\]\\\\^_`{|}~]+)смрад(?:$|\\s+|[!""#$№%&\\\'()*+,\\-./:;<=>?@\\[\\]\\\\^_`{|}~]+))'}"
